step,mean_r2,mean_r,std_r2,std_r,n_alive,trapped_rate,mean_rg2,std_rg2,mean_r2_all,mean_rg2_all,min_r2,max_r2,se_r2,cv_r2
0,0.0000000000,0.0000000000,0.0000000000,0.0000000000,10000,0.0000000000,0.0000000000,0.0000000000,0.0000000000,0.0000000000,0.0000000000,0.0000000000,0.0000000000,0.0000000000
1,1.0000000000,1.0000000000,0.0000000000,0.0000000000,10000,0.0000000000,0.2500000000,0.0000000000,1.0000000000,0.2500000000,1.0000000000,1.0000000000,0.0000000000,0.0000000000
2,2.6654000000,1.6091047102,0.9423602496,0.2760109268,10000,0.0000000000,0.5183777778,0.1047066944,2.6654000000,0.5183777778,2.0000000000,4.0000000000,0.0094236025,0.3535530313
3,4.6032000000,2.0577379914,2.2816112202,0.6073832057,10000,0.0000000000,0.8102500000,0.2153803322,4.6032000000,0.8102500000,1.0000000000,9.0000000000,0.0228161122,0.4956576339
4,6.8338000000,2.5132499671,3.5924890480,0.7192875660,10000,0.0000000000,1.1373360000,0.3153130874,6.8338000000,1.1373360000,2.0000000000,16.0000000000,0.0359248905,0.5256942035
5,9.0492000000,2.8596691093,5.2060713941,0.9335376720,10000,0.0000000000,1.4733444444,0.4352294413,9.0492000000,1.4733444444,1.0000000000,25.0000000000,0.0520607139,0.5753073635
6,11.4792000000,3.2147278369,6.9044889282,1.0699181906,10000,0.0000000000,1.8339428571,0.5647907788,11.4792000000,1.8339428571,2.0000000000,36.0000000000,0.0690448893,0.6014782326
7,13.8732000000,3.5088415986,8.7334255456,1.2494921511,10000,0.0000000000,2.2041656250,0.7057786668,13.8732000000,2.2041656250,1.0000000000,49.0000000000,0.0873342555,0.6295177425
8,16.4621705582,3.8200111867,10.6333951319,1.3673642864,9979,0.0021000000,2.5938817195,0.8519487056,16.4297000000,2.5909939429,2.0000000000,64.0000000000,0.1064457781,0.6459291072
9,19.0731658291,4.0909481878,12.6920175732,1.5288259398,9950,0.0050000000,2.9955718593,1.0098252944,18.9887000000,2.9873163380,1.0000000000,81.0000000000,0.1272386710,0.6654384326
10,21.9595632835,4.3878554398,14.8232879306,1.6450799137,9892,0.0108000000,3.4197414724,1.1766980330,21.7495000000,3.3995046024,2.0000000000,82.0000000000,0.1490398795,0.6750265358
11,24.7295706020,4.6398867900,16.9952837185,1.7891397873,9851,0.0149000000,3.8477438839,1.3556721728,24.4132000000,3.8154096644,1.0000000000,101.0000000000,0.1712333130,0.6872454032
12,27.7460382374,4.9165930553,19.2202383043,1.8902780130,9781,0.0219000000,4.2960564166,1.5398966888,27.2283000000,4.2427643899,2.0000000000,122.0000000000,0.1943422107,0.6927200972
13,30.5294117647,5.1460295285,21.3915106650,2.0119124874,9724,0.0276000000,4.7449588227,1.7242409177,29.8209000000,4.6692274379,1.0000000000,125.0000000000,0.2169296824,0.7006853204
14,33.6248187280,5.4024545306,23.7090931792,2.1067282153,9654,0.0346000000,5.2073540041,1.9158478429,32.6469000000,5.1026610750,2.0000000000,144.0000000000,0.2413022082,0.7051069441
15,36.6254822229,5.6307503712,25.8836749021,2.2181371645,9591,0.0409000000,5.6739325931,2.1070246953,35.3766000000,5.5376702695,1.0000000000,153.0000000000,0.2642980695,0.7067121941
16,39.7184404636,5.8662199650,28.1772795066,2.3034547501,9490,0.0510000000,6.1545454877,2.2994788427,38.0588000000,5.9735464373,2.0000000000,170.0000000000,0.2892450623,0.7094256264
17,42.8176013621,6.0808621927,30.5794547178,2.4167574051,9397,0.0603000000,6.6390025317,2.4947871816,40.7439000000,6.4089181544,1.0000000000,197.0000000000,0.3154533353,0.7141795370
18,46.1269909600,6.3113832662,33.1139291243,2.5086714069,9292,0.0708000000,7.1364233135,2.6976873531,43.5247000000,6.8477654134,2.0000000000,200.0000000000,0.3435232330,0.7178861754
19,49.4548117609,6.5272886607,35.7020165235,2.6171195046,9217,0.0783000000,7.6363502224,2.9097696655,46.3884000000,7.2914043718,1.0000000000,229.0000000000,0.3718758304,0.7219118879
20,52.8174925832,6.7495294181,38.2605497705,2.6946883340,9101,0.0899000000,8.1533189769,3.1255023627,49.1083000000,7.7348344727,2.0000000000,260.0000000000,0.4010575062,0.7243916343
21,56.1349188709,6.9532553631,40.8749199478,2.7905481049,8998,0.1002000000,8.6754315468,3.3489069199,51.7663000000,8.1770898193,1.0000000000,257.0000000000,0.4309073686,0.7281549661
22,59.4081403193,7.1551071210,43.4721445292,2.8657603540,8894,0.1106000000,9.2014849968,3.5767285522,54.3093000000,8.6157769391,2.0000000000,290.0000000000,0.4609592161,0.7317540037
23,62.8306625753,7.3530746707,46.1979017791,2.9602289543,8799,0.1201000000,9.7285131833,3.8100010163,57.0090000000,9.0533943659,1.0000000000,289.0000000000,0.4924992714,0.7352763744
24,66.3303068613,7.5541973095,48.9479418480,3.0437493113,8701,0.1299000000,10.2648118607,4.0504430536,59.7009000000,9.4904453603,2.0000000000,324.0000000000,0.5247468631,0.7379423398
25,69.8594733162,7.7455979229,51.8530052723,3.1408893858,8582,0.1418000000,10.8129265326,4.2956371040,62.3165000000,9.9258505906,1.0000000000,325.0000000000,0.5597314080,0.7422472975
26,73.5337742088,7.9459964693,54.7393352222,3.2241145016,8468,0.1532000000,11.3653243422,4.5485443682,65.0217000000,10.3609758826,2.0000000000,362.0000000000,0.5948522302,0.7444107937
27,77.1489820359,8.1341658949,57.4319807697,3.3142611891,8350,0.1650000000,11.9254225223,4.7957166456,67.6159000000,10.7937067066,1.0000000000,401.0000000000,0.6285076341,0.7444295343
28,80.8732702112,8.3298762454,59.9889057621,3.3891639009,8238,0.1762000000,12.4924310329,5.0397736445,70.2295000000,11.2247377180,2.0000000000,410.0000000000,0.6609369719,0.7417643135
29,84.6077660359,8.5160686671,62.7219362461,3.4762538015,8138,0.1862000000,13.0609904153,5.2797921081,72.8763000000,11.6536466288,1.0000000000,401.0000000000,0.6952814041,0.7413259939
30,88.4830592925,8.7154427207,65.4985733898,3.5389429884,8028,0.1972000000,13.6409237803,5.5245344084,75.4569000000,12.0792562396,2.0000000000,442.0000000000,0.7310181483,0.7402385712
31,92.0987124464,8.8875022539,68.3737859361,3.6209137152,7922,0.2078000000,14.2047129927,5.7702546091,77.9753000000,12.5010123907,1.0000000000,461.0000000000,0.7681962962,0.7423967623
32,95.9602767811,9.0712879960,71.3091533165,3.6975682379,7804,0.2196000000,14.8025092733,6.0087220897,80.3775000000,12.9172435573,2.0000000000,500.0000000000,0.8072102158,0.7431111675
33,99.4308731809,9.2284864223,74.0742828483,3.7770241639,7696,0.2304000000,15.3849876627,6.2585804424,82.5631000000,13.3251625693,1.0000000000,541.0000000000,0.8443741439,0.7449827250
34,103.0640822785,9.3906087846,77.1364421243,3.8575314558,7584,0.2416000000,15.9723198140,6.5139437551,84.8245000000,13.7276408505,2.0000000000,562.0000000000,0.8857485320,0.7484318535
35,107.1939620625,9.5713692593,80.3133576794,3.9475121994,7486,0.2514000000,16.5634392017,6.7700377461,87.4117000000,14.1307881716,1.0000000000,577.0000000000,0.9282455407,0.7492339693
36,111.4863728814,9.7589422451,83.6085328388,4.0310568266,7375,0.2625000000,17.1731763133,7.0288700788,89.9874000000,14.5334620298,2.0000000000,576.0000000000,0.9735753965,0.7499439678
37,115.4893675780,9.9259081419,86.9564560736,4.1189458769,7242,0.2758000000,17.7780687984,7.2847921174,92.3222000000,14.9335144719,1.0000000000,577.0000000000,1.0218157005,0.7529390618
38,120.0115120034,10.1204021880,90.5652884196,4.1939207857,7123,0.2877000000,18.4198633147,7.5534919701,94.8225000000,15.3329502162,2.0000000000,626.0000000000,1.0730755569,0.7546383418
39,123.8569797317,10.2801936019,93.5834383502,4.2631677471,7006,0.2994000000,19.0420849986,7.8300556763,96.9571000000,15.7271815803,1.0000000000,625.0000000000,1.1180569641,0.7555766219
40,128.0295566502,10.4490151088,97.0653019578,4.3413868644,6902,0.3098000000,19.6694853124,8.1068120308,99.2545000000,16.1181299680,2.0000000000,676.0000000000,1.1683596029,0.7581476067
41,132.3818932468,10.6203377893,100.4497354437,4.4260951738,6782,0.3218000000,20.3144593432,8.3953144442,101.5933000000,16.5059551285,1.0000000000,677.0000000000,1.2197474099,0.7587875727
42,136.6868717179,10.7871333820,104.0794285969,4.5082840546,6665,0.3335000000,20.9634253344,8.6881055423,103.7762000000,16.8893832726,2.0000000000,730.0000000000,1.2748668322,0.7614442213
43,140.8528651771,10.9413499520,107.7890685149,4.5977958203,6579,0.3421000000,21.5930959577,8.9938286315,106.0363000000,17.2692033315,1.0000000000,729.0000000000,1.3289075710,0.7652600349
44,145.3592202970,11.1148835857,111.6853160544,4.6710366273,6464,0.3536000000,22.2683623640,9.3076175335,108.1537000000,17.6465821644,2.0000000000,784.0000000000,1.3891380384,0.7683400876
45,149.6554171266,11.2780663945,114.8947202155,4.7392652940,6341,0.3659000000,22.9492605807,9.6143381942,110.0952000000,18.0185678541,1.0000000000,841.0000000000,1.4428500383,0.7677284419
46,154.2950345493,11.4552697431,118.3976108960,4.8033144455,6223,0.3777000000,23.6389098779,9.9393805458,112.1943000000,18.3865002708,2.0000000000,842.0000000000,1.5008698675,0.7673455678
47,158.2948655257,11.6028360430,121.6431388678,4.8650859485,6135,0.3865000000,24.2929541055,10.2406286874,114.1030000000,18.7487510188,1.0000000000,901.0000000000,1.5530317503,0.7684591567
48,162.6144917924,11.7669720837,124.8544585926,4.9145559081,6031,0.3969000000,24.9604270757,10.5384132441,116.0951000000,19.1060479562,2.0000000000,900.0000000000,1.6077162134,0.7677941690
49,166.8287255563,11.9157727532,128.1974215483,4.9842838253,5932,0.4068000000,25.6351789616,10.8433780736,118.0341000000,19.4589476531,1.0000000000,961.0000000000,1.6644805286,0.7684373367
50,171.4672624162,12.0770748310,132.0054031097,5.0607831352,5819,0.4181000000,26.3399062808,11.1782330916,119.9966000000,19.8068954779,2.0000000000,1024.0000000000,1.7304837645,0.7698577632
51,175.6801959412,12.2223776800,135.4020911094,5.1277363220,5716,0.4284000000,26.9838027327,11.4829616755,121.9264000000,20.1507150130,1.0000000000,1025.0000000000,1.7909326806,0.7707305333
52,180.2846987738,12.3810401738,139.1699708037,5.1956272951,5627,0.4373000000,27.6501947996,11.7822912238,124.0331000000,20.4934172007,2.0000000000,1090.0000000000,1.8552698143,0.7719455492
53,184.5553951642,12.5258041168,142.5217189180,5.2592419977,5542,0.4458000000,28.3355796786,12.1123371843,125.8213000000,20.8305808627,1.0000000000,1093.0000000000,1.9144665863,0.7722435792
54,189.2470199890,12.6784667240,146.6288206716,5.3388670630,5453,0.4547000000,29.0313963502,12.4386304737,127.7244000000,21.1633159358,2.0000000000,1098.0000000000,1.9856449369,0.7748012131
55,194.0639328984,12.8328025368,150.4014578456,5.4206191483,5365,0.4635000000,29.7552961609,12.7636888023,129.5275000000,21.4910083922,1.0000000000,1165.0000000000,2.0533698587,0.7750098413
56,198.9707668945,12.9966088265,154.0534176368,5.4826021107,5268,0.4732000000,30.4441819958,13.0701279775,131.5277000000,21.8164217712,2.0000000000,1160.0000000000,2.1225036919,0.7742515146
57,204.2213622291,13.1659001238,158.2581088518,5.5570168400,5168,0.4832000000,31.1715578903,13.4111830274,133.4509000000,22.1394567885,1.0000000000,1157.0000000000,2.2014291823,0.7749341554
58,209.5819542947,13.3412422713,162.5356097899,5.6207836601,5076,0.4924000000,31.8969179531,13.7577959887,135.5299000000,22.4617883463,2.0000000000,1226.0000000000,2.2813279338,0.7755229229
59,214.7720911635,13.5110399484,165.9752924917,5.6766090826,5002,0.4998000000,32.6617585188,14.0922461550,137.4239000000,22.7818865417,1.0000000000,1225.0000000000,2.3467757884,0.7727973015
60,220.0203541624,13.6819444583,169.8387484683,5.7292887867,4913,0.5087000000,33.3988101376,14.4451596518,139.3386000000,23.1003857956,2.0000000000,1226.0000000000,2.4230557068,0.7719228937
61,224.9047027139,13.8308193978,173.4019426631,5.7976838047,4827,0.5173000000,34.1288741874,14.7949756168,141.1955000000,23.4166455024,1.0000000000,1229.0000000000,2.4958317735,0.7710018535
62,229.6179633144,13.9786299861,176.8078295538,5.8494330516,4743,0.5257000000,34.8553095472,15.1479701219,142.9138000000,23.7296902306,2.0000000000,1300.0000000000,2.5672900083,0.7700087005
63,234.3364806867,14.1209020861,181.1157292496,5.9107194961,4660,0.5340000000,35.5990133785,15.4997103867,144.5052000000,24.0381376456,1.0000000000,1373.0000000000,2.6531585914,0.7728874681
64,239.5894967177,14.2827933411,185.2204729764,5.9658453797,4570,0.5430000000,36.3945391219,15.8678600244,146.1318000000,24.3417896318,2.0000000000,1370.0000000000,2.7398758780,0.7730742604
65,244.7689047513,14.4425246294,189.0057438846,6.0151797213,4483,0.5517000000,37.1907235210,16.2047319528,147.7159000000,24.6408164063,1.0000000000,1445.0000000000,2.8228684066,0.7721803718
66,250.5095628415,14.6227759638,192.7421805888,6.0567306324,4392,0.5608000000,38.0045719936,16.5771249562,149.4401000000,24.9366149677,2.0000000000,1448.0000000000,2.9083428522,0.7694004908
67,255.8066759388,14.7682056120,197.2395595456,6.1405845765,4314,0.5686000000,38.7463968202,16.9291216540,151.1921000000,25.2289258155,1.0000000000,1453.0000000000,3.0029904679,0.7710493044
68,261.1052880076,14.9173624109,201.0607546580,6.2110857914,4236,0.5764000000,39.5609321012,17.2554680406,152.6667000000,25.5150848802,2.0000000000,1378.0000000000,3.0892235191,0.7700370842
69,266.3730482825,15.0676139508,204.7637376175,6.2721653447,4163,0.5837000000,40.3643831715,17.6184158696,154.1818000000,25.7960619045,1.0000000000,1341.0000000000,3.1735828666,0.7687104192
70,271.6632403328,15.2238860087,208.4033847682,6.3163704077,4086,0.5914000000,41.2400859210,17.9934944932,155.4092000000,26.0714569710,2.0000000000,1402.0000000000,3.2602851594,0.7671386990
71,275.7269116187,15.3392061925,211.1854653974,6.3589043870,4028,0.5972000000,42.0066614141,18.3245799368,156.4186000000,26.3401657787,1.0000000000,1445.0000000000,3.3275094239,0.7659225723
72,280.5341740227,15.4664874697,215.0241422379,6.4282143222,3965,0.6035000000,42.7615090477,18.7001412839,157.7447000000,26.6054019171,2.0000000000,1508.0000000000,3.4148027937,0.7664810998
73,285.0784516129,15.5997179375,217.6575304349,6.4596634498,3875,0.6125000000,43.5271119018,18.9894088783,158.9206000000,26.8648068314,1.0000000000,1553.0000000000,3.4965347105,0.7635004652
74,289.4693662898,15.7147227021,221.5703837778,6.5204951259,3803,0.6197000000,44.2587642271,19.3200605114,160.2419000000,27.1198508969,2.0000000000,1600.0000000000,3.5929282723,0.7654363797
75,294.3688458434,15.8560356989,224.7310096947,6.5540047116,3717,0.6283000000,45.0498712772,19.5626249279,161.5090000000,27.3698223084,1.0000000000,1537.0000000000,3.6860966856,0.7634334029
76,299.3635866594,15.9912308070,228.3676105823,6.6063699515,3658,0.6342000000,45.8210066616,19.9208213223,162.8100000000,27.6159908665,2.0000000000,1594.0000000000,3.7758319525,0.7628436482
77,304.8235622557,16.1381649271,232.0414779410,6.6620713776,3582,0.6418000000,46.6334566580,20.3009062565,164.0820000000,27.8587410863,1.0000000000,1565.0000000000,3.8770627688,0.7612320918
78,310.1518339494,16.2759051177,236.3085425918,6.7265701921,3517,0.6483000000,47.3883893176,20.6167697733,165.5031000000,28.0979629051,2.0000000000,1492.0000000000,3.9846780510,0.7619124465
79,315.4235020361,16.4070839450,240.4336102480,6.7993454432,3438,0.6562000000,48.1821427792,20.9863461612,166.7571000000,28.3325983979,1.0000000000,1465.0000000000,4.1005512242,0.7622564859
80,321.5195266272,16.5683769024,245.0993203533,6.8562681867,3380,0.6620000000,49.0119698704,21.3314082495,168.1763000000,28.5642038391,2.0000000000,1466.0000000000,4.2158364735,0.7623155051
81,327.0060313631,16.7107436114,248.6604012273,6.9106497029,3316,0.6684000000,49.7608490982,21.6670074878,169.4665000000,28.7929406929,1.0000000000,1453.0000000000,4.3181663536,0.7604153360
82,332.3116723129,16.8510213760,252.2251455529,6.9537580413,3247,0.6753000000,50.5523755349,21.9358662192,170.6598000000,29.0182239327,2.0000000000,1522.0000000000,4.4263651410,0.7590017642
83,337.1753287414,16.9582362554,257.3620414040,7.0422689416,3194,0.6806000000,51.3095033985,22.3091286635,171.8028000000,29.2399554686,1.0000000000,1525.0000000000,4.5538323383,0.7632884718
84,342.4109589041,17.0919132736,261.2805587488,7.0906600224,3139,0.6861000000,52.1568427562,22.6310028788,172.8701000000,29.4577564086,2.0000000000,1586.0000000000,4.6634941712,0.7630613214
85,346.3787289235,17.1863216864,264.1917375768,7.1420638344,3084,0.6916000000,52.9361692688,22.9807787983,173.5917000000,29.6700224021,1.0000000000,1609.0000000000,4.7573165101,0.7627250622
86,351.8619774386,17.3343693511,267.4025758146,7.1680971421,3014,0.6986000000,53.8458177687,23.3325819225,174.4115000000,29.8779009041,2.0000000000,1636.0000000000,4.8707289511,0.7599643979
87,356.7965644998,17.4603220848,270.6628249527,7.2065051998,2969,0.7031000000,54.6561771049,23.6278809017,175.3300000000,30.0815957222,1.0000000000,1665.0000000000,4.9673357029,0.7585914549
88,363.5339538090,17.6227025732,275.9827052627,7.2783451295,2901,0.7099000000,55.4587781505,24.0474396916,176.5107000000,30.2826845002,2.0000000000,1744.0000000000,5.1239868086,0.7591662412
89,370.6299435028,17.8045019437,280.2860903376,7.3232270237,2832,0.7168000000,56.4568204645,24.4434654843,177.6225000000,30.4819739954,1.0000000000,1813.0000000000,5.2668981627,0.7562424333
90,375.1599713056,17.9107904104,283.5016470470,7.3731647331,2788,0.7212000000,57.2801749073,24.8020998298,178.5163000000,30.6779828090,2.0000000000,1898.0000000000,5.3691953034,0.7556820256
91,380.1558156547,18.0291178267,287.1788589172,7.4233904682,2734,0.7266000000,58.1164147340,25.1637959497,179.3569000000,30.8705097640,1.0000000000,1913.0000000000,5.4922868376,0.7554240843
92,386.0052277819,18.1718816610,292.5751111101,7.4691327931,2678,0.7322000000,58.9312869144,25.4669238619,180.2765000000,31.0597012636,2.0000000000,1930.0000000000,5.6536913081,0.7579563437
93,391.1953629799,18.2885739613,297.2162289122,7.5314955648,2631,0.7369000000,59.7834983746,25.8693682167,181.1338000000,31.2458155329,1.0000000000,1949.0000000000,5.7944483427,0.7597641921
94,396.9236760125,18.4287570364,300.1446594637,7.5699795315,2568,0.7432000000,60.6313597570,26.2846184470,181.8614000000,31.4275365410,2.0000000000,1864.0000000000,5.9228824115,0.7561772643
95,403.4336107808,18.5812707643,304.7861739370,7.6269251710,2523,0.7477000000,61.5411706226,26.6177155633,183.0477000000,31.6077375899,1.0000000000,1845.0000000000,6.0678751575,0.7554803710
96,409.7505062778,18.7201209498,310.3337848906,7.7011413376,2469,0.7531000000,62.3879527116,26.9508080003,184.2014000000,31.7856257620,2.0000000000,1832.0000000000,6.2455187027,0.7573725478
97,415.3950207469,18.8517314472,315.3648851150,7.7464341596,2410,0.7590000000,63.2436836484,27.3516516948,185.0338000000,31.9603884665,1.0000000000,1885.0000000000,6.4239893618,0.7591927427
98,422.2855935784,19.0039612146,320.9349979255,7.8188906970,2367,0.7633000000,64.1873730843,27.7974693998,185.9189000000,32.1323605107,2.0000000000,1940.0000000000,6.5965665844,0.7599951379
99,427.8736027515,19.1258207386,325.6157978727,7.8788694511,2326,0.7674000000,65.0081079966,28.2052399341,186.8501000000,32.3022449206,1.0000000000,1997.0000000000,6.7515052882,0.7610093163
100,432.7568042142,19.2287417924,328.9345660728,7.9380283004,2278,0.7722000000,65.7764738243,28.4855245238,187.6835000000,32.4683203778,2.0000000000,1930.0000000000,6.8917998110,0.7600910324
101,440.1913746631,19.3951329889,334.2350968160,8.0012618384,2226,0.7774000000,66.7976083392,28.9154742985,188.4711000000,32.6309199498,1.0000000000,1985.0000000000,7.0841781097,0.7592949704
102,448.3394664213,19.5703558099,340.5113703215,8.0833557324,2174,0.7826000000,67.8404044647,29.3648285835,189.4067000000,32.7917278981,2.0000000000,2048.0000000000,7.3030092132,0.7594945255
103,453.4227336778,19.6627520776,345.4906828008,8.1730602844,2129,0.7871000000,68.6271753344,29.7623109307,190.2368000000,32.9498604455,1.0000000000,2113.0000000000,7.4877012642,0.7619615364
104,459.4574162679,19.7868206674,349.9456558699,8.2425204970,2090,0.7910000000,69.5461609001,30.2196962067,190.9336000000,33.1057119567,2.0000000000,2178.0000000000,7.6546874672,0.7616498145
105,463.6881091618,19.8692676889,353.8093700928,8.3006211015,2052,0.7948000000,70.4030521500,30.6517410814,191.4740000000,33.2578797545,1.0000000000,2245.0000000000,7.8105326487,0.7630330886
106,469.5513459621,19.9841741905,358.9362122888,8.3775967847,2006,0.7994000000,71.2334217541,30.9936402095,192.2394000000,33.4082675795,2.0000000000,2180.0000000000,8.0140456365,0.7644237747
107,473.8870803662,20.0663931975,362.9771920928,8.4396057022,1966,0.8034000000,71.9796607485,31.2771052717,192.9816000000,33.5555380415,1.0000000000,2249.0000000000,8.1862985666,0.7659571386
108,478.9911227154,20.1701397050,367.1832596066,8.4945033401,1915,0.8085000000,72.8376990886,31.6201436776,193.6241000000,33.6997356235,2.0000000000,2186.0000000000,8.3907056045,0.7665763355
109,485.3132658498,20.3111772470,371.0559625322,8.5304949852,1877,0.8123000000,73.7156646574,32.0823083710,194.2944000000,33.8409001781,1.0000000000,2209.0000000000,8.5646038228,0.7645699977
110,491.4811578372,20.4362391400,377.0482725542,8.5930953475,1831,0.8169000000,74.5402474522,32.4242901876,194.9191000000,33.9797126189,2.0000000000,2210.0000000000,8.8115596038,0.7671672994
111,498.1479620324,20.5672609939,382.5355997637,8.6680872885,1791,0.8209000000,75.4855515175,32.8170162968,195.6276000000,34.1169659840,1.0000000000,2249.0000000000,9.0390765640,0.7679156173
112,505.6225769669,20.7149618491,388.7329549079,8.7471671161,1754,0.8246000000,76.5740306238,33.3118159571,196.2152000000,34.2520805792,2.0000000000,2210.0000000000,9.2818931588,0.7688204060
113,511.5497076023,20.8496365576,390.8568748941,8.7659775847,1710,0.8290000000,77.6520567732,33.6053276070,196.6604000000,34.3836076613,1.0000000000,2173.0000000000,9.4519126643,0.7640643110
114,517.9726353361,20.9683807524,396.7156258202,8.8487086040,1681,0.8319000000,78.7402889404,33.9819696968,197.2247000000,34.5127828192,2.0000000000,2218.0000000000,9.6759908737,0.7659007422
115,523.2345828295,21.0725138423,400.3197248363,8.8985247764,1654,0.8346000000,79.6268611423,34.3381112409,197.7451000000,34.6384064763,1.0000000000,2213.0000000000,9.8432663501,0.7650865175
116,530.9049382716,21.2259731748,405.8379879271,8.9645413186,1620,0.8380000000,80.6327657874,34.7680191303,198.4237000000,34.7626203157,2.0000000000,2308.0000000000,10.0831258762,0.7644268468
117,536.4422712934,21.3400942704,409.4201076955,9.0023690118,1585,0.8415000000,81.3971805937,35.0318760306,199.0164000000,34.8843721468,1.0000000000,2305.0000000000,10.2838216204,0.7632137317
118,541.7516087516,21.4625530312,411.5042219219,9.0061326959,1554,0.8446000000,82.1993905898,35.4163074506,199.6064000000,35.0045878523,2.0000000000,2304.0000000000,10.4387570039,0.7595809874
119,547.4821192053,21.5775557644,415.7159443286,9.0493760248,1510,0.8490000000,83.0866235283,35.8332779896,200.1010000000,35.1222090121,1.0000000000,2305.0000000000,10.6981383034,0.7593233272
120,556.8152692570,21.7728240199,420.5559025501,9.0972195452,1467,0.8533000000,84.1415596833,36.2626324242,200.7735000000,35.2385251232,2.0000000000,2308.0000000000,10.9801601825,0.7552880206
121,560.5153203343,21.8427357807,423.8098711313,9.1329192457,1436,0.8564000000,84.9652138094,36.5514565838,201.2581000000,35.3521545513,1.0000000000,2313.0000000000,11.1839147472,0.7561075599
122,570.4520255864,22.0404014712,430.1294630911,9.2017785551,1407,0.8593000000,86.1462765396,37.0327632001,202.0576000000,35.4649826169,2.0000000000,2378.0000000000,11.4670615403,0.7540151385
123,576.6989869754,22.1529547181,435.5285515692,9.2706841297,1382,0.8618000000,87.1801477786,37.5784943506,202.6074000000,35.5758118974,1.0000000000,2465.0000000000,11.7155480458,0.7552094965
124,583.2945508100,22.2766526802,440.9138055584,9.3298068670,1358,0.8642000000,88.0489767776,38.0547490075,203.2662000000,35.6860393225,2.0000000000,2420.0000000000,11.9647550631,0.7559024938
125,592.3679458239,22.4666322836,445.3355251135,9.3604689870,1329,0.8671000000,89.1036667070,38.4185616301,203.9961000000,35.7957019463,5.0000000000,2509.0000000000,12.2158826024,0.7517886953
126,595.8479087452,22.5138713479,450.1130112270,9.4325768312,1315,0.8685000000,89.9751033905,38.8863208862,204.4570000000,35.9031597945,2.0000000000,2466.0000000000,12.4124836852,0.7554159453
127,602.2015444015,22.6161703604,457.0782909011,9.5241998419,1295,0.8705000000,90.7918416498,39.4153177295,204.9575000000,36.0090433464,1.0000000000,2437.0000000000,12.7015204153,0.7590121532
128,610.5816164818,22.7738589293,463.1767324619,9.5881680185,1262,0.8738000000,92.0739638251,39.9552034358,205.3767000000,36.1127096978,2.0000000000,2536.0000000000,13.0381825435,0.7585828331
129,615.2792574657,22.8627236985,467.8606155585,9.6215966736,1239,0.8761000000,93.0230712399,40.1846324262,205.7134000000,36.2137888182,5.0000000000,2637.0000000000,13.2917093104,0.7604036864
130,617.7909465021,22.9332737147,466.4599603055,9.5841485395,1215,0.8785000000,93.9350913151,40.3165178314,205.9507000000,36.3116734485,2.0000000000,2650.0000000000,13.3821604292,0.7550449921
131,625.2967959528,23.0871454454,470.6951906514,9.6062745711,1186,0.8814000000,95.0183459228,40.8002781454,206.3263000000,36.4074304881,1.0000000000,2753.0000000000,13.6677622730,0.7527548417
132,630.5366695427,23.1678494020,477.1866341989,9.6843907206,1159,0.8841000000,96.0803424092,41.2213834572,206.6400000000,36.5006869966,2.0000000000,2858.0000000000,14.0167249986,0.7567944217
133,637.9063336307,23.3041928729,484.9507761377,9.7376038210,1121,0.8879000000,97.0653539756,41.7960135441,207.1301000000,36.5920465822,9.0000000000,2873.0000000000,14.4842113209,0.7602225446
134,636.6212534060,23.2645225322,486.8767755884,9.7664345979,1101,0.8899000000,97.6515802943,41.9953373758,207.2296000000,36.6803101382,8.0000000000,2890.0000000000,14.6732189953,0.7647824715
135,639.7881040892,23.3154390014,491.4209006224,9.8070591036,1076,0.8924000000,98.3778807595,42.4713934665,207.5782000000,36.7657808185,5.0000000000,2997.0000000000,14.9812305608,0.7680994652
136,645.3752380952,23.4037018780,496.6824013067,9.8813954734,1050,0.8950000000,99.3424053340,42.9357054960,207.9472000000,36.8492113738,2.0000000000,3016.0000000000,15.3279516778,0.7696025072
137,654.2492725509,23.5470413937,505.0751612033,9.9892999831,1031,0.8969000000,100.4180942657,43.5373817961,208.4743000000,36.9318774978,1.0000000000,3037.0000000000,15.7299259620,0.7719919340
138,659.5516224189,23.6321066802,510.8030228582,10.0536140903,1017,0.8983000000,101.4346193892,44.0979369202,208.7294000000,37.0129372217,2.0000000000,3060.0000000000,16.0174354412,0.7744701180
139,664.8121878122,23.7318103447,514.3888886461,10.0803455088,1001,0.8999000000,102.3969445860,44.6558490534,209.0329000000,37.0928604022,1.0000000000,2953.0000000000,16.2582778044,0.7737356476
140,669.9267548321,23.8195949993,520.0549414656,10.1268775495,983,0.9017000000,103.5135246988,45.1145959355,209.1184000000,37.1708059005,2.0000000000,2978.0000000000,16.5871765955,0.7762862697
141,673.4407484407,23.8732963181,525.6726935963,10.1738130192,962,0.9038000000,103.9949248800,45.2986440319,209.5492000000,37.2473633658,1.0000000000,3085.0000000000,16.9483678678,0.7805774967
142,681.4088983051,24.0132652696,533.6405527898,10.2358189412,944,0.9056000000,105.2313311910,45.8601408666,209.8978000000,37.3222627839,2.0000000000,3194.0000000000,17.3685206057,0.7831429177
143,688.0511425462,24.1104542155,541.6644527023,10.3313668055,919,0.9081000000,106.0345940762,46.6481719015,210.4021000000,37.3961774678,5.0000000000,3169.0000000000,17.8678615968,0.7872444637
144,696.4044444444,24.2596049338,549.6968020668,10.3863378002,900,0.9100000000,106.9132369402,47.1534526278,210.9169000000,37.4695474479,8.0000000000,3146.0000000000,18.3232267356,0.7893355743
145,706.0904977376,24.4323939324,555.9250787360,10.4474219053,884,0.9116000000,108.3284230230,47.6902222915,211.2697000000,37.5421105925,5.0000000000,3177.0000000000,18.6977837983,0.7873283673
146,709.9327146172,24.5219055512,558.0966910728,10.4215575974,862,0.9138000000,109.1269732825,48.2284353955,211.5437000000,37.6129994406,2.0000000000,3236.0000000000,19.0088487328,0.7861261773
147,720.7494089835,24.7232365590,563.7281453305,10.4647495447,846,0.9154000000,110.4144194871,48.8974605222,211.8303000000,37.6829692278,1.0000000000,3217.0000000000,19.3813728736,0.7821416685
148,731.8524788392,24.9244084394,569.8648835405,10.5179058175,827,0.9173000000,111.8768379062,49.5566926109,212.1938000000,37.7520745919,2.0000000000,3330.0000000000,19.8161435993,0.7786608641
149,744.8267326733,25.1854560331,574.6788941353,10.5128272637,808,0.9192000000,113.2316286029,50.0969247688,212.5562000000,37.8205723550,1.0000000000,3445.0000000000,20.2171329461,0.7715605106
150,754.0150564617,25.3336196758,583.3378534059,10.5935249367,797,0.9203000000,114.3493219964,50.7452672340,213.0839000000,37.8887884959,2.0000000000,3464.0000000000,20.6628868960,0.7736421818
151,760.7128205128,25.4454585955,587.8272549232,10.6414969518,780,0.9220000000,115.3513230032,51.1459373395,213.4073000000,37.9557275965,1.0000000000,3485.0000000000,21.0475920308,0.7727321521
152,772.7208387942,25.6627642484,593.8654497415,10.6837900544,763,0.9237000000,116.7621438294,51.8411756065,213.6868000000,38.0214171987,2.0000000000,3508.0000000000,21.4993727970,0.7685381575
153,778.2715231788,25.7611434906,596.1054657317,10.7067739883,755,0.9245000000,117.8956954759,52.2341307049,213.9667000000,38.0859555781,5.0000000000,3533.0000000000,21.6944991433,0.7659350856
154,784.0353741497,25.8153820800,604.5957811734,10.8444189431,735,0.9265000000,118.8905897626,52.9220297596,214.2674000000,38.1488681380,2.0000000000,3418.0000000000,22.3008513493,0.7711332946
155,789.7921896792,25.8673538141,616.5875926945,10.9850897282,717,0.9283000000,120.0006180328,53.6031969622,214.6361000000,38.2106367797,1.0000000000,3445.0000000000,23.0268856101,0.7806959866
156,798.8194842407,26.0229552071,625.8301023315,11.0283854907,698,0.9302000000,120.7469847432,53.9825414194,215.0963000000,38.2718482247,2.0000000000,3332.0000000000,23.6880187149,0.7834437125
157,800.9881656805,26.0203104905,633.5425335933,11.1324573953,676,0.9324000000,120.9219415603,54.4891220960,215.2443000000,38.3306345113,1.0000000000,3221.0000000000,24.3670205228,0.7909511785
158,811.9483282675,26.2070122673,640.5360243935,11.1866365047,658,0.9342000000,122.2748193587,55.3073526942,215.5307000000,38.3881060003,2.0000000000,3250.0000000000,24.9706940252,0.7888876694
159,821.8434108527,26.3758143182,648.5294673748,11.2320892939,645,0.9355000000,123.5797239583,56.0010428471,215.7416000000,38.4441799843,1.0000000000,3305.0000000000,25.5358228406,0.7891156135
160,838.9154704944,26.6450837517,660.7691310355,11.3558347276,627,0.9373000000,125.2292224928,56.5524489076,216.2229000000,38.5000306799,4.0000000000,3392.0000000000,26.3885772413,0.7876468539
161,849.7112561175,26.8247452829,668.4521746359,11.4080803217,613,0.9387000000,126.5263666264,57.2002903581,216.4918000000,38.5550039099,5.0000000000,3393.0000000000,26.9985290450,0.7866815578
162,857.8148760331,26.9316850765,677.8308368723,11.5108303338,605,0.9395000000,127.7850832807,57.9911340925,216.7343000000,38.6088992650,2.0000000000,3474.0000000000,27.5577423362,0.7901831220
163,859.7048903879,26.9693881836,679.7874845926,11.5046508591,593,0.9407000000,128.3756845429,58.4599871121,216.9464000000,38.6616020714,5.0000000000,3505.0000000000,27.9155261582,0.7907219003
164,865.9064124783,27.0865993161,682.7930493645,11.4988064583,577,0.9423000000,129.8425347536,59.1154130492,217.1195000000,38.7129224986,10.0000000000,3560.0000000000,28.4250465707,0.7885298452
165,870.3238434164,27.1405469134,690.6103431133,11.5635010553,562,0.9438000000,131.0963037934,59.8081401230,217.2727000000,38.7630393522,5.0000000000,3677.0000000000,29.1316390724,0.7935096210
166,880.5263157895,27.3166044023,696.5019720280,11.5900577960,551,0.9449000000,132.2215822005,60.2386757126,217.5366000000,38.8126318853,4.0000000000,3770.0000000000,29.6719815972,0.7910064237
167,889.4916201117,27.4308126185,702.6785865003,11.7064998698,537,0.9463000000,133.6701395487,61.0136111749,217.6779000000,38.8606366551,1.0000000000,3769.0000000000,30.3228191795,0.7899777475
168,895.3011583012,27.5378992180,702.7295363051,11.7032160093,518,0.9482000000,134.4946883991,61.2414651869,217.7879000000,38.9068753818,4.0000000000,3744.0000000000,30.8761632015,0.7849085526
169,898.6374269006,27.5605618285,710.4764134282,11.7920676134,513,0.9487000000,135.3062118483,61.7836566094,217.9766000000,38.9524182606,1.0000000000,3721.0000000000,31.3682999506,0.7906152049
170,899.6767676768,27.5685795481,709.8679750387,11.8173681240,495,0.9505000000,135.6684613655,61.7977134757,218.2139000000,38.9968614684,2.0000000000,3796.0000000000,31.9061927425,0.7890255707
171,906.3525773196,27.6625233864,716.1465390407,11.8801253030,485,0.9515000000,136.9198799295,62.6369700057,218.2802000000,39.0402629095,1.0000000000,3821.0000000000,32.5185392128,0.7901412287
172,908.3924050633,27.7186557467,714.7368507706,11.8350550763,474,0.9526000000,137.3997698914,62.6110369673,218.5550000000,39.0826810599,2.0000000000,3890.0000000000,32.8289508261,0.7868150887
173,913.9426751592,27.7863288863,721.9651605892,11.9106088081,471,0.9529000000,138.4582104371,63.2472517105,218.7571000000,39.1245613047,5.0000000000,4013.0000000000,33.2663986063,0.7899457813
174,927.7505470460,28.0075525691,728.5198680661,11.9719483016,457,0.9543000000,140.0421601751,63.8788501125,219.1248000000,39.1660479765,4.0000000000,4138.0000000000,34.0787220384,0.7852540431
175,932.0880361174,28.0758605049,732.7404505488,11.9930852171,443,0.9557000000,141.0373480729,64.4485926416,219.4871000000,39.2065814741,1.0000000000,4165.0000000000,34.8135494195,0.7861279430
176,949.3286713287,28.3804161194,742.9709633277,11.9950261449,429,0.9571000000,142.9058284433,65.1558737126,219.6448000000,39.2461299957,2.0000000000,4292.0000000000,35.8709761304,0.7826277513
177,966.7661097852,28.6764718998,751.1967811476,12.0177397694,419,0.9581000000,144.7642877201,65.8516708410,219.9157000000,39.2852300405,5.0000000000,4265.0000000000,36.6983642410,0.7770201847
178,977.6836982968,28.8546174128,762.7126944080,12.0455283096,411,0.9589000000,145.5401386195,66.5471128458,220.1414000000,39.3238585756,4.0000000000,4394.0000000000,37.6218427461,0.7801221353
179,993.8832487310,29.0976213398,772.5754618399,12.1330820939,394,0.9606000000,147.3635479727,67.6502856202,220.2580000000,39.3618979489,5.0000000000,4369.0000000000,38.9217894762,0.7773301973
180,991.9531250000,29.0497714013,775.5692854624,12.1681513195,384,0.9616000000,147.6976438575,67.6139738821,220.4146000000,39.3991736212,8.0000000000,4346.0000000000,39.5781043658,0.7818608218
181,993.0527704485,29.0433542164,779.3284690364,12.2285054815,379,0.9621000000,148.3123288394,68.2335572123,220.5019000000,39.4356815109,9.0000000000,4217.0000000000,40.0314145325,0.7847805195
182,1012.2724795640,29.3764834750,784.6724385606,12.2186209617,367,0.9633000000,150.6337919084,68.9992433388,220.5684000000,39.4712046524,4.0000000000,4196.0000000000,40.9595678833,0.7751593117
183,1016.9664804469,29.4150963791,786.4810524125,12.3174098517,358,0.9642000000,151.8004819624,69.9812655687,220.6864000000,39.5057460119,5.0000000000,4177.0000000000,41.5668152249,0.7733598575
184,1018.0906515581,29.4137560845,786.9267167308,12.3661475228,353,0.9647000000,153.0162532979,70.7932917884,220.6337000000,39.5390566626,2.0000000000,4050.0000000000,41.8838829741,0.7729436623
185,1026.5276967930,29.5661844854,790.7944698515,12.3437608438,343,0.9657000000,154.4790151678,71.3999207399,220.7258000000,39.5716472802,5.0000000000,4177.0000000000,42.6988878651,0.7703586297
186,1036.9313432836,29.6921564810,802.7840910100,12.4622304101,335,0.9665000000,155.5248992818,72.3167542670,220.8627000000,39.6039361957,4.0000000000,4160.0000000000,43.8607803178,0.7741921355
187,1044.2246153846,29.7933239660,807.1268027403,12.5132914312,325,0.9675000000,156.2490730229,73.1921951659,221.0776000000,39.6358455732,9.0000000000,4145.0000000000,44.7713395859,0.7729436664
188,1059.4043887147,30.0257754989,815.7814778125,12.5641233042,319,0.9681000000,157.8928486084,73.8914562117,221.2491000000,39.6675792772,10.0000000000,4160.0000000000,45.6749940004,0.7700378500
189,1071.0698412698,30.1831457914,828.1917929537,12.6509901354,315,0.9685000000,159.4500467836,74.6528015598,221.4174000000,39.6990765678,9.0000000000,4289.0000000000,46.6633211697,0.7732378983
190,1086.8932038835,30.4276733823,839.3449007297,12.6905435826,309,0.9691000000,161.0367666673,75.4704671255,221.6107000000,39.7306223060,16.0000000000,4274.0000000000,47.7486631196,0.7722422937
191,1100.9601328904,30.6401269283,846.3428605555,12.7335287611,301,0.9699000000,162.7251722773,76.3551236983,221.8214000000,39.7617260586,17.0000000000,4261.0000000000,48.7823914917,0.7687316146
192,1119.6027397260,30.9040895586,854.2454531568,12.8273141491,292,0.9708000000,164.2635069361,76.9461000627,221.8798000000,39.7917448806,10.0000000000,4250.0000000000,49.9909339123,0.7629897845
193,1138.4027777778,31.2051557217,860.6107514712,12.8312522446,288,0.9712000000,166.3422993352,77.4296002850,222.0464000000,39.8215165219,5.0000000000,4381.0000000000,50.7119748606,0.7559808956
194,1151.5248226950,31.3889715374,868.2150032895,12.8940795919,282,0.9718000000,168.2797172446,78.1334906662,222.1316000000,39.8505449404,2.0000000000,4392.0000000000,51.7014510660,0.7539698547
195,1157.5878136201,31.5371676884,866.5074783467,12.7669443413,279,0.9721000000,169.5585936042,78.5200847025,222.2017000000,39.8789948039,5.0000000000,4405.0000000000,51.8764457856,0.7485457847
196,1179.5298507463,31.9077984224,868.6434284707,12.7052056490,268,0.9732000000,171.4717927793,79.6157080031,222.1923000000,39.9066441502,10.0000000000,4420.0000000000,53.0608425000,0.7364319164
197,1199.5855513308,32.2763058884,866.9974801080,12.5628670904,263,0.9737000000,173.8851862132,80.1095121643,222.2972000000,39.9337639741,25.0000000000,4437.0000000000,53.4613548821,0.7227475182
198,1214.8156862745,32.5343546128,869.5243467309,12.5032578237,255,0.9745000000,175.3692494396,81.0062228335,222.4799000000,39.9605659918,32.0000000000,4306.0000000000,54.4517267613,0.7157664793
199,1221.4603174603,32.5912371065,875.7250297841,12.6202845184,252,0.9748000000,177.1700238095,81.5098798744,222.5427000000,39.9868031536,25.0000000000,4325.0000000000,55.1654915639,0.7169492265
200,1235.2979591837,32.7625292759,891.1394935332,12.7245681509,245,0.9755000000,177.6402263229,81.6204972352,222.7534000000,40.0126280685,32.0000000000,4346.0000000000,56.9328138564,0.7213963942
201,1233.8535564854,32.7239111134,897.1001956198,12.7671139233,239,0.9761000000,178.6911931064,82.4557706040,222.8551000000,40.0376404280,41.0000000000,4225.0000000000,58.0285877094,0.7270718562
202,1231.9829059829,32.7251770083,884.1652781149,12.6903780778,234,0.9766000000,178.6725476739,81.5337574255,223.0053000000,40.0620926745,50.0000000000,4356.0000000000,57.7996923891,0.7176765796
203,1237.7826086957,32.8376305353,884.0620161466,12.6282472864,230,0.9770000000,179.3162521104,81.9617551280,223.1871000000,40.0861971459,41.0000000000,4489.0000000000,58.2933230718,0.7142304391
204,1241.8245614035,32.9204497018,881.8168470138,12.5725316797,228,0.9772000000,179.7914743730,81.3347378285,223.4191000000,40.1101751771,34.0000000000,4624.0000000000,58.3997473437,0.7100977662
205,1243.2522522523,32.8745056779,895.4205259825,12.7482990508,222,0.9778000000,180.9482848151,81.6415097614,223.4371000000,40.1334627454,29.0000000000,4761.0000000000,60.0966907976,0.7202243345
206,1248.5555555556,32.8811419138,909.9529224018,12.9377765477,216,0.9784000000,181.8190236083,82.9964752947,223.3575000000,40.1562007757,34.0000000000,4762.0000000000,61.9144541622,0.7288045120
207,1245.0571428571,32.7808322052,917.7189509459,13.0565762277,210,0.9790000000,182.5324362937,84.3458233169,223.3833000000,40.1782521239,29.0000000000,4625.0000000000,63.3286241204,0.7370898245
208,1262.0585365854,33.0322564066,924.7759156328,13.0739654763,205,0.9795000000,183.7225496825,85.3020551354,223.5166000000,40.1997673140,20.0000000000,4490.0000000000,64.5891516276,0.7327519991
209,1267.6995073892,33.0577163639,939.6370137377,13.2244809422,203,0.9797000000,184.7991902640,86.1487389377,223.6415000000,40.2210768313,25.0000000000,4493.0000000000,65.9495895551,0.7412143085
210,1274.3819095477,33.1163195136,947.2619600613,13.3300897004,199,0.9801000000,185.6704151471,87.3564238017,223.7322000000,40.2417908206,26.0000000000,4628.0000000000,67.1496199707,0.7433108968
211,1293.0000000000,33.4097872409,953.5600407258,13.2960940323,197,0.9803000000,187.5435239883,87.8333562086,223.8915000000,40.2623755573,25.0000000000,4633.0000000000,67.9383398881,0.7374787631
212,1297.9179487179,33.4364363045,959.7286547267,13.4135258592,195,0.9805000000,187.8149037720,87.8518186634,223.9738000000,40.2826834735,16.0000000000,4640.0000000000,68.7275964692,0.7394370774
213,1311.9528795812,33.5802617186,972.8716885525,13.5764097790,191,0.9809000000,190.1942512870,88.6661475318,224.0373000000,40.3024375136,9.0000000000,4649.0000000000,70.3945248045,0.7415446878
214,1314.5405405405,33.6640711156,973.7688108607,13.4636865852,185,0.9815000000,191.1218389487,88.1230783976,224.0946000000,40.3213557908,10.0000000000,4660.0000000000,71.5929068284,0.7407674247
215,1322.7608695652,33.7842521181,974.5946467252,13.4679314814,184,0.9816000000,192.7735292912,88.3629780829,224.1656000000,40.3400690197,17.0000000000,4525.0000000000,71.8480705856,0.7367882352
216,1332.7142857143,33.9580118099,978.0604465209,13.4002880429,182,0.9818000000,193.9745616146,89.0284103606,224.3260000000,40.3587004426,64.0000000000,4392.0000000000,72.4986637637,0.7338860677
217,1341.8587570621,34.0826099434,984.3339583863,13.4251426997,177,0.9823000000,195.5804953976,89.3068027695,224.3749000000,40.3765597235,65.0000000000,4381.0000000000,73.9870710049,0.7335600362
218,1357.5028901734,34.3322356212,989.5517559670,13.3716299464,173,0.9827000000,197.9296866083,90.1422191522,224.4612000000,40.3941055756,64.0000000000,4372.0000000000,75.2342268429,0.7289500178
219,1392.1757575758,34.7555736209,1015.0009401489,13.5729827178,165,0.9835000000,201.8895169046,91.4516937684,224.5849000000,40.4114819331,65.0000000000,4505.0000000000,79.0177160229,0.7290752871
220,1409.0617283951,34.9219218823,1034.6767891076,13.7666662792,162,0.9838000000,202.9505212303,92.7327665915,224.7427000000,40.4289186209,50.0000000000,4514.0000000000,81.2918859905,0.7343019601
221,1392.2405063291,34.7205656535,1019.4587943100,13.6646561255,158,0.9842000000,201.8672439973,91.2841486839,224.8147000000,40.4456658294,53.0000000000,4405.0000000000,81.1037869730,0.7322433083
222,1404.6967741935,34.9066792411,1018.2375309055,13.6462639044,155,0.9845000000,204.0082981372,92.1340351697,224.8292000000,40.4620706964,64.0000000000,4392.0000000000,81.7868066237,0.7248806644
223,1409.4967320261,34.9567530883,1029.4098640920,13.6938725550,153,0.9847000000,205.3269625559,92.9710317215,224.9021000000,40.4783728213,61.0000000000,4525.0000000000,83.2228549354,0.7303385958
224,1420.7682119205,35.1406715877,1029.3549670843,13.6345668171,151,0.9849000000,207.3247468891,93.5529763253,224.8954000000,40.4941761964,50.0000000000,4538.0000000000,83.7677192192,0.7245059106
225,1429.8800000000,35.2269080301,1043.4570102628,13.7457248132,150,0.9850000000,208.4282008510,94.2829529333,224.9998000000,40.5098130758,61.0000000000,4673.0000000000,85.1979081225,0.7297514549
226,1450.3265306122,35.4350174006,1060.5892866112,13.9529951062,147,0.9853000000,210.3017480547,95.2640993264,225.0621000000,40.5253942437,50.0000000000,4688.0000000000,87.4759300178,0.7312762087
227,1453.9790209790,35.4165416692,1073.3946899436,14.1296708091,143,0.9857000000,209.7255998080,95.9363906208,225.1448000000,40.5407309974,41.0000000000,4825.0000000000,89.7617733049,0.7382463395
228,1469.8297872340,35.5654645004,1092.5732911615,14.3152898017,141,0.9859000000,210.7832878313,96.7201063330,225.3061000000,40.5559482398,34.0000000000,4964.0000000000,92.0112696058,0.7433332081
229,1459.1449275362,35.4063475400,1096.2962848671,14.3365086898,138,0.9862000000,210.1856286129,95.5160888854,225.3441000000,40.5707737693,29.0000000000,4981.0000000000,93.3229372140,0.7513278936
230,1490.7259259259,35.8288049673,1110.5072743413,14.3882820566,135,0.9865000000,213.2673195224,95.9492298495,225.4626000000,40.5854451556,26.0000000000,5000.0000000000,95.5772484304,0.7449439599
231,1499.2424242424,35.8450353754,1131.1514388419,14.6415799415,132,0.9868000000,214.9898482259,97.4355662777,225.4594000000,40.5996228405,17.0000000000,4861.0000000000,98.4540955023,0.7544820107
232,1518.0615384615,36.0662588986,1146.9959945866,14.7406413539,130,0.9870000000,216.8164631736,98.1358083833,225.5612000000,40.6137873820,20.0000000000,4756.0000000000,100.5982035165,0.7555662044
233,1530.2380952381,36.1121911172,1176.1516438548,15.0382095994,126,0.9874000000,218.7691017698,99.6733295818,225.6660000000,40.6278248159,25.0000000000,4797.0000000000,104.7799163380,0.7686069557
234,1561.3442622951,36.3940445455,1204.2305602081,15.3888850771,122,0.9878000000,221.3216878789,101.3703361774,225.8258000000,40.6418193511,18.0000000000,4930.0000000000,109.0259121756,0.7712780514
235,1558.5932203390,36.2792571438,1225.3384882560,15.5694804483,118,0.9882000000,222.9529856996,102.4201574698,225.9546000000,40.6553833112,25.0000000000,5065.0000000000,112.8015510622,0.7861823549
236,1531.0350877193,35.8256046027,1237.6159660697,15.7340758410,114,0.9886000000,219.3950833840,99.2060593712,225.9902000000,40.6685368452,20.0000000000,5024.0000000000,115.9133554008,0.8083524512
237,1523.6071428571,35.6525806496,1248.1955787480,15.8902685905,112,0.9888000000,220.0956046284,99.5778572691,226.0230000000,40.6812300315,17.0000000000,5161.0000000000,117.9433960335,0.8192371535
238,1520.0540540541,35.5550344828,1254.3500225456,15.9966739349,111,0.9889000000,219.9353179618,99.7387392572,226.1481000000,40.6937949029,26.0000000000,5122.0000000000,119.0576353371,0.8252009323
239,1535.5454545455,35.7693336335,1257.3227229920,16.0031317548,110,0.9890000000,221.8039255051,100.5264298124,226.1899000000,40.7061858224,25.0000000000,5141.0000000000,119.8810178981,0.8188117905
240,1542.8073394495,35.7831964828,1281.3892151412,16.1978451939,109,0.9891000000,222.3316342931,101.4708035852,226.2920000000,40.7185905772,26.0000000000,5284.0000000000,122.7348271861,0.8305568572
241,1545.9433962264,35.7508631823,1295.1158819733,16.3651818795,106,0.9894000000,222.5006311431,101.3225401769,226.2990000000,40.7305570804,29.0000000000,5305.0000000000,125.7927746275,0.8377511655
242,1518.3809523810,35.4341587035,1268.8000508989,16.2111489216,105,0.9895000000,221.8159578526,100.8302167662,226.3439000000,40.7422275799,26.0000000000,5328.0000000000,123.8222062229,0.8356269544
243,1538.3846153846,35.6070530707,1291.9348363218,16.4475647742,104,0.9896000000,223.3903714365,101.9467540391,226.4917000000,40.7540371456,17.0000000000,5473.0000000000,126.6846334749,0.8397996336
244,1573.8019801980,35.9818047993,1320.4912228785,16.7066365131,101,0.9899000000,227.0972315990,103.0769078808,226.5810000000,40.7659208543,16.0000000000,5450.0000000000,131.3937876110,0.8390453434
245,1577.3168316832,35.9885472466,1328.5367736813,16.7970622064,101,0.9899000000,228.2563329950,103.8180951238,226.6165000000,40.7776277784,9.0000000000,5429.0000000000,132.1943498375,0.8422764197
246,1580.2200000000,35.9588504214,1337.9549437855,16.9464178034,100,0.9900000000,229.5204855021,105.0641728057,226.6263000000,40.7891091355,10.0000000000,5410.0000000000,133.7954943785,0.8466890330
247,1588.3131313131,35.9749800302,1352.9460607736,17.1497505270,99,0.9901000000,230.5468869890,106.3233265934,226.6668000000,40.8003919492,13.0000000000,5557.0000000000,135.9761953084,0.8518131810
248,1609.6875000000,36.2671048816,1357.1424123296,17.1576398001,96,0.9904000000,233.1463309732,107.2797886192,226.6526000000,40.8115398360,16.0000000000,5540.0000000000,138.5127674374,0.8431092447
249,1589.5957446809,36.0605586112,1326.9052084917,17.0068179660,94,0.9906000000,233.4722971915,107.1263260911,226.6640000000,40.8224719152,13.0000000000,5393.0000000000,136.8598223810,0.8347438101
250,1596.3655913978,36.1255540043,1328.1557735507,17.0678041727,93,0.9907000000,235.5358288390,108.0060566690,226.6617000000,40.8332941554,10.0000000000,5378.0000000000,137.7233380249,0.8319872219
251,1591.9777777778,36.1335774836,1310.3128123364,16.9216534657,90,0.9910000000,236.8163387783,107.8884765738,226.6661000000,40.8437637675,17.0000000000,5233.0000000000,138.1190978095,0.8230723008
252,1610.8470588235,36.5200698599,1289.0035687066,16.6472687324,85,0.9915000000,240.5191196459,106.0206782097,226.6282000000,40.8538510640,16.0000000000,5248.0000000000,139.8120671447,0.8002023294
253,1617.3373493976,36.5289070405,1297.8888815480,16.8218994119,83,0.9917000000,241.6462689371,107.4009863953,226.6769000000,40.8638739770,9.0000000000,5265.0000000000,142.4618126320,0.8024849497
254,1653.9250000000,36.9048132356,1312.2378383414,17.0868300176,80,0.9920000000,246.0315105729,108.6580053917,226.6879000000,40.8736586737,4.0000000000,5194.0000000000,146.7126504589,0.7934083095
255,1657.9000000000,36.9340033993,1316.4847093681,17.1399939585,80,0.9920000000,247.2296905518,109.2336909827,226.7197000000,40.8832441135,5.0000000000,5265.0000000000,147.1874650743,0.7940676213
256,1667.3670886076,36.9751087115,1331.1240722133,17.3265237246,79,0.9921000000,249.2715626737,110.2340051178,226.7592000000,40.8926490716,4.0000000000,5338.0000000000,149.7631588279,0.7983389389
257,1669.8607594937,36.9956490636,1329.9393603210,17.3546163846,79,0.9921000000,250.4494296533,110.7947178959,226.7789000000,40.9019542208,1.0000000000,5213.0000000000,149.6298683262,0.7964372794
258,1694.9487179487,37.3308350823,1336.3010840053,17.3596506303,78,0.9922000000,253.3716838311,110.9917944853,226.8221000000,40.9111362253,2.0000000000,5090.0000000000,151.3063028122,0.7884020737
259,1697.7368421053,37.5153803179,1319.1184792606,17.0391631751,76,0.9924000000,254.4247621457,109.5458722210,226.9501000000,40.9202022614,5.0000000000,4969.0000000000,151.3132669909,0.7769864248
260,1723.0410958904,37.9119491791,1347.9458998773,16.9034080981,73,0.9927000000,256.8038995076,111.4559039421,227.0486000000,40.9290212840,8.0000000000,5044.0000000000,157.7651344800,0.7823062973
261,1758.8333333333,38.4041929083,1363.6622158324,16.8508545896,72,0.9928000000,260.0821088191,111.4883326305,227.1446000000,40.9378816620,5.0000000000,5165.0000000000,160.7091333438,0.7753220217
262,1785.5714285714,38.9299668397,1370.1064356093,16.4325625036,70,0.9930000000,259.0810470421,107.8535763411,227.2866000000,40.9469103426,20.0000000000,5288.0000000000,163.7590409673,0.7673209896
263,1789.1714285714,38.9817967567,1372.7682040464,16.4192250180,70,0.9930000000,260.3699207989,108.5891367660,227.3118000000,40.9559324589,25.0000000000,5413.0000000000,164.0771831461,0.7672647697
264,1733.9705882353,38.3693651798,1346.2176422523,16.1790730247,68,0.9932000000,256.9096182439,106.4860797736,227.3460000000,40.9646322082,26.0000000000,5490.0000000000,163.2528686493,0.7763785911
265,1737.2388059701,38.3710425184,1349.5689316151,16.2758072616,67,0.9933000000,257.4712320162,107.8588296250,227.3755000000,40.9732736677,17.0000000000,5365.0000000000,164.8760864959,0.7768471018
266,1768.1230769231,38.6280290989,1383.4723706083,16.6132009214,65,0.9935000000,260.6959640985,109.4016999891,227.4866000000,40.9819402223,10.0000000000,5444.0000000000,171.5986282999,0.7824525276
267,1783.8923076923,38.8180353231,1386.9220389944,16.6448923502,65,0.9935000000,262.0426684031,110.1770470947,227.5891000000,40.9906938002,13.0000000000,5525.0000000000,172.0265070026,0.7774696001
268,1778.9846153846,38.7793953427,1385.8376915987,16.5874383870,65,0.9935000000,263.3597094908,110.9352459820,227.5572000000,40.9992545673,20.0000000000,5608.0000000000,171.8920102612,0.7790048771
269,1782.9076923077,38.8913242559,1371.4343050317,16.4430103671,65,0.9935000000,264.6660295452,111.6622559031,227.5827000000,41.0077456477,13.0000000000,5485.0000000000,170.1054900311,0.7692121757
270,1779.2307692308,38.8660737844,1364.7442450649,16.3908229755,65,0.9935000000,265.9488770159,112.3628830806,227.5588000000,41.0160841562,18.0000000000,5364.0000000000,169.2756902188,0.7670417287
271,1800.0476190476,39.1895309693,1374.6247676005,16.2551001676,63,0.9937000000,268.2309276652,113.0853305934,227.6265000000,41.0241698361,25.0000000000,5245.0000000000,173.1864419572,0.7636602238
272,1814.7419354839,39.2761244232,1400.3279447178,16.4963021849,62,0.9938000000,269.8898856864,114.6533724669,227.6357000000,41.0321859028,20.0000000000,5330.0000000000,177.8418268211,0.7716402632
273,1821.3225806452,39.3350290195,1407.1306514092,16.5553034609,62,0.9938000000,271.1740855288,115.3665895910,227.6765000000,41.0401479418,13.0000000000,5381.0000000000,178.7057714348,0.7725872761
274,1890.6666666667,40.4224262704,1409.8991295676,16.0216766003,60,0.9940000000,276.1803892011,116.1861098788,227.7621000000,41.0481231802,52.0000000000,5512.0000000000,182.0171949549,0.7457153365
275,1866.0169491525,40.1428486506,1404.7206790510,15.9552076566,59,0.9941000000,273.9074240207,114.5655990399,227.8286000000,41.0558264312,61.0000000000,5445.0000000000,182.8790554379,0.7527909538
276,1880.9830508475,40.2545742661,1423.3240812937,16.1416325538,59,0.9941000000,275.2209658868,115.3303182686,227.9169000000,41.0635763282,72.0000000000,5480.0000000000,185.3010121164,0.7566916037
277,1897.1355932203,40.3793130924,1446.2905849762,16.3293192572,59,0.9941000000,276.5364863822,116.1394828580,228.0122000000,41.0713378991,85.0000000000,5629.0000000000,188.2909962199,0.7623548839
278,1908.1016949153,40.5111697306,1452.0438161073,16.3385073362,59,0.9941000000,277.8363704893,116.9593091656,228.0769000000,41.0790072154,100.0000000000,5780.0000000000,189.0400031154,0.7609886936
279,1936.3793103448,40.7652487872,1474.3655658082,16.5702686057,58,0.9942000000,279.1489241731,118.8098423178,228.1501000000,41.0866379364,101.0000000000,5933.0000000000,193.5936831775,0.7614032839
280,1967.7543859649,41.0128521646,1504.0591659777,16.9026726670,57,0.9943000000,282.1814819974,119.9969981987,228.2318000000,41.0942403940,82.0000000000,5938.0000000000,199.2175032278,0.7643531005
281,1981.7719298246,41.1020040843,1525.6516239983,17.0996254367,57,0.9943000000,283.5166664902,120.8748479905,228.3117000000,41.1018509456,65.0000000000,5945.0000000000,202.0774941595,0.7698421806
282,1982.5614035088,41.1253674167,1513.3642204616,17.0665039874,57,0.9943000000,284.8312940450,121.7299154522,228.3162000000,41.1093443227,64.0000000000,5850.0000000000,200.4499878026,0.7633378809
283,1968.0877192982,40.9356852937,1510.1806593531,17.0984615926,57,0.9943000000,286.0991714433,122.5604600383,228.2337000000,41.1165712239,81.0000000000,5989.0000000000,200.0283148327,0.7673340190
284,1966.3859649123,40.9513778078,1501.0567710711,17.0108971119,57,0.9943000000,287.3409772508,123.3591051091,228.2240000000,41.1236495170,82.0000000000,6130.0000000000,198.8198263075,0.7633581595
285,2025.1454545455,41.6441809881,1512.9403451339,17.0560149032,55,0.9945000000,289.8404703053,125.0929462941,228.2807000000,41.1307095293,101.0000000000,6273.0000000000,204.0048345209,0.7470773725
286,1909.0000000000,40.4599709170,1418.3831802986,16.4921421711,52,0.9948000000,282.1631947979,117.6758066349,228.3427000000,41.1373056263,122.0000000000,6418.0000000000,196.6943571085,0.7429979991
287,1932.1836734694,40.8738671398,1404.3166058725,16.1712911824,49,0.9951000000,283.7913748543,115.6186903023,228.3722000000,41.1438441760,125.0000000000,6353.0000000000,200.6166579818,0.7268028527
288,1921.1428571429,40.7797916204,1395.0095896093,16.0670922241,49,0.9951000000,285.0943570589,116.4458643009,228.3181000000,41.1502287888,130.0000000000,6290.0000000000,199.2870842299,0.7261352712
289,1916.3469387755,40.6987375877,1399.1830495557,16.1232657221,49,0.9951000000,286.3702455774,117.2722218420,228.2946000000,41.1564806425,117.0000000000,6437.0000000000,199.8832927937,0.7301303440
290,1910.9795918367,40.6248011433,1393.1772597679,16.1432686872,49,0.9951000000,287.6239741513,118.0769237121,228.2683000000,41.1626239125,100.0000000000,6376.0000000000,199.0253228240,0.7290382722
291,1926.8260869565,40.6819337167,1426.3085114218,16.4865507620,46,0.9954000000,288.6624820506,118.4856523214,228.3225000000,41.1685177630,113.0000000000,6317.0000000000,210.2977170044,0.7402372851
292,1951.5111111111,40.9267234548,1445.0750172334,16.6287226920,45,0.9955000000,291.6164034785,120.0298256223,228.3602000000,41.1743301483,128.0000000000,6260.0000000000,215.4190647414,0.7404902842
293,2041.3720930233,42.1002546737,1456.8147002447,16.3994100330,43,0.9957000000,300.7159869327,117.8042513143,228.4391000000,41.1802496777,145.0000000000,6409.0000000000,222.1621590268,0.7136448594
294,2084.8095238095,42.6316943230,1456.8716032927,16.3507847812,42,0.9958000000,302.9485331254,119.7775748701,228.4859000000,41.1861494754,162.0000000000,6560.0000000000,224.8001688527,0.6988032176
295,2119.5641025641,43.3659509435,1393.3060442955,15.4582793781,39,0.9961000000,301.0077939166,118.6314246770,228.6334000000,41.1921142871,149.0000000000,6713.0000000000,223.1075245585,0.6573549923
296,2143.1794871795,43.6311724075,1410.8054595540,15.4757966363,39,0.9961000000,302.5706714618,119.3393032450,228.7255000000,41.1982095095,136.0000000000,6868.0000000000,225.9096736165,0.6582768583
297,2195.0000000000,44.1616126926,1433.9861997427,15.6445506293,38,0.9962000000,306.6456661506,120.6369516864,228.8177000000,41.2043082222,157.0000000000,6813.0000000000,232.6232792042,0.6532966741
298,2200.1578947368,44.1992018405,1437.6497913044,15.7031350818,38,0.9962000000,308.2289548156,121.3466045785,228.8373000000,41.2103247192,170.0000000000,6658.0000000000,233.2175922337,0.6534302810
299,2203.7368421053,44.2854235636,1430.1164046146,15.5736348324,38,0.9962000000,309.7974368421,122.0193261809,228.8509000000,41.2162849509,193.0000000000,6605.0000000000,231.9955155390,0.6489506266
300,2210.7368421053,44.3382578471,1433.9937914460,15.6478667296,38,0.9962000000,311.3527305090,122.6823521081,228.8775000000,41.2221950668,212.0000000000,6554.0000000000,232.6245107411,0.6486497009
301,2203.0000000000,44.2253549423,1434.8424450459,15.7199866484,38,0.9962000000,312.8831762919,123.3375731201,228.8481000000,41.2280107608,205.0000000000,6505.0000000000,232.7621805341,0.6513129574
302,2254.3333333333,44.6716912485,1464.5644403713,16.0864332383,36,0.9964000000,317.5398865519,126.6599551568,228.8309000000,41.2333700666,194.0000000000,6458.0000000000,244.0940733952,0.6496663198
303,2242.8888888889,44.4698366420,1475.7863398838,16.2887236431,36,0.9964000000,318.9890801737,127.3952494201,228.7897000000,41.2385871636,169.0000000000,6413.0000000000,245.9643899806,0.6579845962
304,2278.1764705882,44.6596911004,1527.8828387210,16.8430538029,34,0.9966000000,324.5098344847,130.6610027050,228.7953000000,41.2437045928,146.0000000000,6568.0000000000,262.0297451042,0.6706604420
305,2334.0909090909,45.1524615534,1570.7697469063,17.1856371648,33,0.9967000000,328.7284782336,132.4448562062,228.8490000000,41.2487996433,125.0000000000,6725.0000000000,273.4359155876,0.6729685381
306,2354.1935483871,45.1518168676,1620.5411565148,17.7625162054,31,0.9969000000,331.1830774965,134.0431172597,228.8643000000,41.2535359829,116.0000000000,6770.0000000000,291.0577838627,0.6883636044
307,2356.2258064516,45.2356634957,1591.1920204003,17.6056966508,31,0.9969000000,332.6998392265,134.6585812135,228.8706000000,41.2582379443,109.0000000000,6613.0000000000,285.7865234066,0.6753138923
308,2380.6451612903,45.5276636139,1596.8438538080,17.5464243408,31,0.9969000000,334.2437505722,135.2884221532,228.9463000000,41.2630240695,130.0000000000,6660.0000000000,286.8016226528,0.6707609684
309,2447.2666666667,46.1325276064,1633.8968334085,17.8621544979,30,0.9970000000,338.1385133541,137.6053690155,229.0387000000,41.2678011495,125.0000000000,6817.0000000000,298.3073840980,0.6676415185
310,2483.0000000000,46.8112673792,1621.5277188063,17.0793807367,28,0.9972000000,344.5449008710,139.6197895529,229.0699000000,41.2722321498,106.0000000000,6866.0000000000,306.4399348542,0.6530518400
311,2489.0000000000,46.8134212884,1651.2620281816,17.2482923001,28,0.9972000000,346.1093089603,140.3117748668,229.0867000000,41.2766124924,89.0000000000,7025.0000000000,312.0591911409,0.6634238763
312,2474.8571428571,46.6162015649,1659.8147425517,17.3720146937,28,0.9972000000,347.6202771139,141.0078664295,229.0471000000,41.2808432033,74.0000000000,7186.0000000000,313.6755022307,0.6706709304
313,2439.2857142857,46.2723179007,1633.2283292639,17.2672612298,28,0.9972000000,349.0468781695,141.6709068590,228.9475000000,41.2848376862,61.0000000000,7137.0000000000,308.6511423870,0.6695518773
314,2357.8518518519,45.4638681974,1595.4311550940,17.0554548570,27,0.9973000000,347.9314666443,144.2941447247,228.9342000000,41.2885736135,50.0000000000,6976.0000000000,307.0408689557,0.6766460555
315,2383.8148148148,45.7592584597,1605.7651005982,17.0265991918,27,0.9973000000,349.3230926608,144.9592771866,229.0043000000,41.2923310038,61.0000000000,6929.0000000000,309.0296376952,0.6736115115
316,2321.4615384615,45.1179150275,1597.9700158631,16.9066638351,26,0.9974000000,337.9109370563,132.7080177551,229.0135000000,41.2959508582,72.0000000000,6884.0000000000,313.3877035778,0.6883465392
317,2325.1666666667,45.0454609157,1625.0314783276,17.2067753388,24,0.9976000000,338.3300419946,138.5900311950,229.0139000000,41.2995172308,85.0000000000,6841.0000000000,331.7081614886,0.6988881707
318,2431.2173913043,46.7474848086,1572.5022694812,15.6808818431,23,0.9977000000,346.2286807579,138.9286957344,229.0338000000,41.3030910912,410.0000000000,6800.0000000000,327.8893893243,0.6467962409
319,2432.4782608696,46.8065648383,1563.5964360233,15.5442513138,23,0.9977000000,347.7680723505,139.7301670413,229.0367000000,41.3066316918,397.0000000000,6761.0000000000,326.0323946791,0.6427997574
320,2424.6086956522,46.8121503391,1526.5742762126,15.2719113500,23,0.9977000000,349.2728365197,140.4602308616,229.0186000000,41.3100926494,360.0000000000,6602.0000000000,318.3127407191,0.6296167621
321,2412.4545454545,46.6300144495,1553.2578293051,15.4303693375,22,0.9978000000,346.1899065693,142.6597911500,229.0214000000,41.3134752559,373.0000000000,6641.0000000000,331.1556818928,0.6438495731
322,2389.6363636364,46.4876391972,1512.2125435465,15.1173994295,22,0.9978000000,347.6681320194,143.3426772228,228.9712000000,41.3167273519,388.0000000000,6484.0000000000,322.4047975661,0.6328211968
323,2383.1818181818,46.4092700590,1503.7754799886,15.1446845716,22,0.9978000000,349.1240768453,144.0311827739,228.9570000000,41.3199304306,353.0000000000,6445.0000000000,320.6060095716,0.6309948610
324,2391.9090909091,46.4893735601,1506.6343559884,15.1870746657,22,0.9978000000,350.5809781603,144.7354920698,228.9762000000,41.3231356134,370.0000000000,6408.0000000000,321.2155239827,0.6298878004
325,2361.3809523810,46.0153097005,1547.8269398830,15.6196102880,21,0.9979000000,350.5952878310,148.6948163686,228.9485000000,41.3260302566,337.0000000000,6253.0000000000,337.7635292717,0.6554753219
326,2462.7000000000,47.3988622209,1512.9197301906,14.6985666024,20,0.9980000000,363.5195400686,143.5799997009,228.9487000000,41.3289034027,580.0000000000,6100.0000000000,338.2991361207,0.6143337517
327,2516.1578947368,47.9497832068,1526.8530161623,14.7301115121,19,0.9981000000,372.7892290773,143.7008621818,228.9224000000,41.3317023797,613.0000000000,6137.0000000000,350.2841052154,0.6068192379
328,2554.7777777778,48.2885825589,1551.5599517745,14.9328688548,18,0.9982000000,374.0999107958,148.2188384509,228.9288000000,41.3344433974,650.0000000000,5986.0000000000,365.7061877724,0.6073169906
329,2579.2222222222,48.5487531853,1558.6873236283,14.9077424977,18,0.9982000000,375.6586358535,148.7929752410,228.9728000000,41.3372491025,685.0000000000,6025.0000000000,367.3861254290,0.6043245558
330,2588.7777777778,48.6778441609,1550.6155249361,14.8069330257,18,0.9982000000,377.2297046090,149.3349985983,228.9900000000,41.3400770262,722.0000000000,5876.0000000000,365.4835842318,0.5989759099
331,2579.2222222222,48.6031013939,1536.9234621135,14.7295878121,18,0.9982000000,378.7712063112,149.8549722931,228.9728000000,41.3428517293,685.0000000000,5917.0000000000,362.2563340751,0.5958864067
332,2556.4444444444,48.3501804654,1552.5307734371,14.7886609743,18,0.9982000000,380.2517592668,150.4117572702,228.9318000000,41.3455167246,648.0000000000,6066.0000000000,365.9350126327,0.6073008067
333,2662.6470588235,49.6169959782,1541.4468734497,14.1704187984,17,0.9983000000,393.4096391578,147.1846416258,228.9215000000,41.3480462804,929.0000000000,6109.0000000000,373.8557809124,0.5789152071
334,2617.0588235294,49.1861929522,1521.1653609530,14.0633298476,17,0.9983000000,394.8104296778,147.7106310056,228.8440000000,41.3504276243,884.0000000000,5960.0000000000,368.9367916024,0.5812499693
335,2644.7500000000,49.3948747538,1536.2340113082,14.3142009228,16,0.9984000000,401.4545632706,151.2083093913,228.7726000000,41.3526175069,841.0000000000,6005.0000000000,384.0585028270,0.5808617114
336,2670.7500000000,49.6030604548,1551.9239470734,14.5012548944,16,0.9984000000,402.8308715406,151.7418996077,228.8142000000,41.3548196001,800.0000000000,6052.0000000000,387.9809867684,0.5810816988
337,2690.5000000000,49.7521553237,1563.6533343424,14.6704819502,16,0.9984000000,404.1974217464,152.2755468357,228.8458000000,41.3570060805,761.0000000000,5905.0000000000,390.9133335856,0.5811757422
338,2717.6250000000,49.9567778648,1583.2253817366,14.8978302234,16,0.9984000000,405.5810665588,152.8415003242,228.8892000000,41.3592199122,802.0000000000,6032.0000000000,395.8063454341,0.5825768389
339,2704.7142857143,49.5100379765,1690.7583855677,15.9207545448,14,0.9986000000,402.8590410282,155.4466167589,228.9104000000,41.3610683872,765.0000000000,6121.0000000000,451.8741859007,0.6251153382
340,2690.0000000000,49.3235088122,1691.2122448536,16.0371904788,14,0.9986000000,404.1249731254,156.0901089201,228.8898000000,41.3628406921,724.0000000000,5994.0000000000,451.9954848971,0.6287034367
341,2678.1428571429,49.1869666016,1679.7805493211,16.0868012257,14,0.9986000000,405.3277870602,156.7127636608,228.8732000000,41.3645246316,689.0000000000,5869.0000000000,448.9402357519,0.6272184267
342,2825.6923076923,50.7582582603,1666.4319961022,15.7889684930,13,0.9987000000,423.0088052009,151.2085730642,228.8873000000,41.3661908534,656.0000000000,5960.0000000000,462.1850776169,0.5897429071
343,2805.3076923077,50.5081318287,1659.5557971298,15.9447894775,13,0.9987000000,424.2397774785,151.7907841057,228.8608000000,41.3677911173,625.0000000000,5837.0000000000,460.2779631573,0.5915771028
344,2843.2307692308,50.8694363718,1676.2730709178,15.9853436761,13,0.9987000000,425.5198048245,152.3904505016,228.9101000000,41.3694551529,666.0000000000,5930.0000000000,464.9145006826,0.5895663092
345,2856.0769230769,51.0209340978,1679.3061965512,15.9041254668,13,0.9987000000,426.7982256726,152.9774834621,228.9268000000,41.3711171000,697.0000000000,6053.0000000000,465.7557383746,0.5879765293
346,2850.0000000000,50.9632796742,1688.7513821665,15.8979283193,13,0.9987000000,428.0440243095,153.5523750233,228.9189000000,41.3727366382,730.0000000000,6178.0000000000,468.3753615317,0.5925443446
347,2857.3076923077,51.0728293902,1675.9331446467,15.7757342265,13,0.9987000000,429.2629437381,154.0645888805,228.9284000000,41.3743212335,773.0000000000,6085.0000000000,464.8202220980,0.5865427616
348,2866.1538461538,51.1246921276,1693.7683905855,15.8877217062,13,0.9987000000,430.4841137467,154.6077443167,228.9399000000,41.3759087545,740.0000000000,6212.0000000000,469.7668293089,0.5909551551
349,2901.9230769231,51.3541105749,1742.3020342921,16.2689398542,13,0.9987000000,431.7420514914,155.1983440394,228.9864000000,41.3775440735,709.0000000000,6341.0000000000,483.2276401527,0.6003956646
350,3093.8333333333,53.3885269744,1723.4804821124,15.6044391387,12,0.9988000000,455.0443367613,141.4090835294,229.0174000000,41.3792392368,754.0000000000,6472.0000000000,497.5259601453,0.5570695950
351,3202.4545454545,54.2489748750,1775.9944903496,16.1091052037,11,0.9989000000,467.2509816984,143.4294048143,229.0485000000,41.3809020059,785.0000000000,6381.0000000000,535.4824867480,0.5545728956
352,3202.1818181818,54.2559293618,1770.6008131901,16.0771871692,11,0.9989000000,468.7393570726,143.8696409006,229.0482000000,41.3825392188,832.0000000000,6250.0000000000,533.8562318954,0.5529357525
353,3221.3636363636,54.4303590449,1771.5993427987,16.0841428309,11,0.9989000000,470.2428297627,144.3047271817,229.0693000000,41.3841930388,865.0000000000,6161.0000000000,534.1572999003,0.5499532319
354,3216.1818181818,54.2450572193,1817.5234808128,16.5425386642,11,0.9989000000,471.7179535085,144.7897709694,229.0636000000,41.3858156749,818.0000000000,6292.0000000000,548.0039485015,0.5651183868
355,3183.1818181818,54.0463163687,1777.5761749785,16.1918962805,11,0.9989000000,473.1321185915,145.2346195259,229.0273000000,41.3873712565,853.0000000000,6205.0000000000,535.9593826072,0.5584274718
356,3187.6363636364,54.1519466672,1752.4424136682,15.9750754550,11,0.9989000000,474.5171765676,145.6442590693,229.0322000000,41.3888948203,900.0000000000,6120.0000000000,528.3812684402,0.5497623360
357,2971.4000000000,52.3095205335,1672.7053057846,15.3334295432,10,0.9990000000,451.4796401486,130.0675644216,229.0358000000,41.3903294730,949.0000000000,6037.0000000000,528.9558620528,0.5629350831
358,2945.6000000000,52.1540195529,1638.3637691307,15.0185966215,10,0.9990000000,452.8462333470,130.7141151716,229.0100000000,41.3916960662,1000.0000000000,5906.0000000000,518.0961146351,0.5562071460
359,2935.0000000000,52.0923367268,1607.1472863431,14.8791281445,10,0.9990000000,454.1611388889,131.3651163457,228.9994000000,41.3930109718,965.0000000000,5777.0000000000,508.2245960203,0.5475799953
360,2942.2000000000,52.1425177582,1615.1999133234,14.9451611512,10,0.9990000000,455.4653432678,132.0310477625,229.0066000000,41.3943151761,914.0000000000,5860.0000000000,510.7710602609,0.5489769266
361,2939.4000000000,52.1181837312,1614.4420212569,14.9363624943,10,0.9990000000,456.7447590122,132.7086250907,229.0038000000,41.3955945919,881.0000000000,5989.0000000000,510.5313937458,0.5492420294
362,2959.2000000000,52.3921984333,1592.5818534694,14.6375388413,10,0.9990000000,458.0477168378,133.3660373477,229.0236000000,41.3968975497,932.0000000000,6074.0000000000,503.6186017216,0.5381798640
363,2968.6000000000,52.5817495963,1554.9059907274,14.2744390221,10,0.9990000000,459.3469568893,133.9827960847,229.0330000000,41.3981967898,985.0000000000,5945.0000000000,491.7044478139,0.5237842723
364,2651.5555555556,49.9446365099,1290.9306815981,12.5335086648,9,0.9991000000,437.8175284085,122.1708065453,229.0453000000,41.3990930517,954.0000000000,5200.0000000000,430.3102271994,0.4868578668
365,2650.7777777778,49.8570018597,1331.4975510286,12.8474566877,9,0.9991000000,438.7938269946,122.4155633795,229.0446000000,41.3999717204,925.0000000000,5345.0000000000,443.8325170095,0.5023044792
366,2656.6666666667,49.9838950084,1327.5035886120,12.5808150154,9,0.9991000000,439.7621285579,122.6595710156,229.0499000000,41.4008431918,980.0000000000,5492.0000000000,442.5011962040,0.4996876745
367,2673.8888888889,50.1949249851,1333.0810131625,12.4241053853,9,0.9991000000,440.7394356490,122.8843146798,229.0654000000,41.4017227682,1009.0000000000,5641.0000000000,444.3603377208,0.4985551265
368,2745.7500000000,50.8278062155,1370.2037941489,12.7390782758,8,0.9992000000,440.7460873525,130.5295980770,229.0684000000,41.4024706128,1040.0000000000,5634.0000000000,484.4401972251,0.4990271489
369,2728.0000000000,50.8079018075,1300.9408134116,12.1060775612,8,0.9992000000,441.6539043097,130.7453357944,229.0542000000,41.4031968664,1097.0000000000,5485.0000000000,459.9520355428,0.4768844624
370,2686.5000000000,50.4809444541,1255.4125815842,11.7547542304,8,0.9992000000,442.4943312676,130.9041450024,229.0210000000,41.4038692079,1156.0000000000,5338.0000000000,443.8553748126,0.4673041435
371,2545.5714285714,49.0331240954,1263.4907266484,11.8879842704,7,0.9993000000,460.9280036503,130.8442740789,228.9971000000,41.4043872102,1125.0000000000,5193.0000000000,477.5546066497,0.4963485654
372,2476.6666666667,48.0931378658,1362.1378621694,12.7951849101,6,0.9994000000,442.1751923275,131.8096570716,228.9821000000,41.4048428545,1096.0000000000,5188.0000000000,556.0904536068,0.5499883697
373,2481.0000000000,48.0529163936,1380.8364614730,13.1117209422,6,0.9994000000,442.9224432116,132.0530808168,228.9847000000,41.4052912051,1037.0000000000,5185.0000000000,563.7241248065,0.5565644746
374,2515.3333333333,48.2986778684,1435.9589904389,13.5118854902,6,0.9994000000,443.7170512593,132.3676291071,229.0053000000,41.4057679699,1010.0000000000,5330.0000000000,586.2278030229,0.5708821854
375,2597.8000000000,48.6722987994,1582.8468529836,15.1263786010,5,0.9995000000,474.2375254640,125.7576234538,228.9920000000,41.4061939596,953.0000000000,5329.0000000000,707.8706322486,0.6093028151
376,2553.2000000000,48.3021087661,1529.0198690665,14.8359795345,5,0.9995000000,475.0379472170,126.0617920596,228.9697000000,41.4065941705,898.0000000000,5184.0000000000,683.7984732361,0.5988641192
377,2367.0000000000,46.1116030087,1606.2938709962,15.5151560730,4,0.9996000000,445.7219352762,124.2862171109,228.9607000000,41.4069530218,873.0000000000,5041.0000000000,803.1469354981,0.6786201398
378,2351.0000000000,45.9256508735,1609.2958087313,15.5510318580,4,0.9996000000,446.5954741334,124.9476549018,228.9543000000,41.4073024374,850.0000000000,5042.0000000000,804.6479043656,0.6845154440
379,2356.0000000000,46.0775274575,1596.2715934326,15.2597989305,4,0.9996000000,447.4832548476,125.6301490188,228.9563000000,41.4076575496,905.0000000000,5045.0000000000,798.1357967163,0.6775346322
380,2357.0000000000,46.1312815586,1591.5228556323,15.1296021679,4,0.9996000000,448.3704817410,126.3229293874,228.9567000000,41.4080124404,928.0000000000,5050.0000000000,795.7614278162,0.6752324377
381,2331.0000000000,46.0646856440,1518.6691542268,14.4583794570,4,0.9996000000,449.2289068282,126.9978942701,228.9463000000,41.4083558104,985.0000000000,4909.0000000000,759.3345771134,0.6515097187
382,2302.0000000000,45.8644945626,1459.7917659721,14.0871621882,4,0.9996000000,450.0613167995,127.7001292414,228.9347000000,41.4086887744,962.0000000000,4770.0000000000,729.8958829861,0.6341406455
383,1483.6666666667,38.1536078413,383.8101382484,5.2885608021,3,0.9997000000,421.5350522642,136.2031544860,228.9360000000,41.4090094364,941.0000000000,1765.0000000000,221.5928866354,0.2586902752
384,1553.3333333333,39.0599207909,391.2691599852,5.2588897254,3,0.9997000000,422.6912778996,137.3594073947,228.9569000000,41.4093563041,1000.0000000000,1832.0000000000,225.8993548431,0.2518900172
385,1586.3333333333,39.5229731180,372.6279049609,4.9262490036,3,0.9997000000,423.9301703849,138.5445989167,228.9668000000,41.4097279718,1061.0000000000,1885.0000000000,215.1368212367,0.2348988684
386,1598.0000000000,39.7216030019,345.9595352061,4.4938018379,3,0.9997000000,425.2058792763,139.7635636301,228.9703000000,41.4101106845,1124.0000000000,1940.0000000000,199.7398307799,0.2164953287
387,1610.3333333333,39.8333695498,376.6849553082,4.8616873246,3,0.9997000000,426.5036888440,141.0442275512,228.9740000000,41.4105000274,1105.0000000000,2009.0000000000,217.4791603469,0.2339173807
388,1628.6666666667,40.0865921964,371.5421316023,4.6617370952,3,0.9997000000,427.8252368585,142.3372599251,228.9795000000,41.4108964918,1170.0000000000,2080.0000000000,214.5099496959,0.2281265646
389,1643.6666666667,40.2225244889,408.4616125034,5.0808651239,3,0.9997000000,429.1748915187,143.6932379812,228.9840000000,41.4113013882,1153.0000000000,2153.0000000000,235.8254219325,0.2485063552
390,1668.0000000000,40.4330783184,458.8420207435,5.7590083953,3,0.9997000000,430.5676484760,145.1473682798,228.9913000000,41.4117192153,1088.0000000000,2210.0000000000,264.9125641918,0.2750851443
391,1699.6666666667,40.7046222544,518.2569075490,6.5422009901,3,0.9997000000,431.9927070318,146.6778874159,229.0008000000,41.4121467328,1025.0000000000,2285.0000000000,299.2157650828,0.3049167920
392,1748.6666666667,41.2235434430,559.0213671130,7.0204082982,3,0.9997000000,433.4692573816,148.2659861694,229.0155000000,41.4125896979,1010.0000000000,2362.0000000000,322.7511367854,0.3196843502
393,1793.0000000000,41.7923079337,554.1504007638,6.8119745724,3,0.9997000000,435.0000751544,149.8873869689,229.0288000000,41.4130489433,1073.0000000000,2421.0000000000,319.9388830525,0.3090632464
394,1780.6666666667,41.6012409639,580.6900110118,7.0713094212,3,0.9997000000,436.5265310046,151.5929556009,229.0251000000,41.4135068800,1060.0000000000,2482.0000000000,335.2615341734,0.3261082054
395,1843.0000000000,42.0736716890,718.0000000000,8.5326520265,2,0.9998000000,450.5002168146,186.5389501071,229.0395000000,41.4139618870,1125.0000000000,2561.0000000000,507.7026688919,0.3895822029
396,1917.0000000000,42.9628710534,725.0000000000,8.4375180502,2,0.9998000000,452.8706990083,188.5304646308,229.0543000000,41.4144359834,1192.0000000000,2642.0000000000,512.6524163602,0.3781950965
397,1881.0000000000,42.5846118692,700.0000000000,8.2189313143,2,0.9998000000,455.1050794172,190.4202166612,229.0471000000,41.4148828595,1181.0000000000,2581.0000000000,494.9747468306,0.3721424774
398,1847.0000000000,42.2270018276,675.0000000000,7.9925162904,2,0.9998000000,457.2103064679,192.2096594871,229.0403000000,41.4153039049,1172.0000000000,2522.0000000000,477.2970773009,0.3654574986
399,1815.0000000000,41.8904313405,650.0000000000,7.7583350087,2,0.9998000000,459.1932125000,193.9002250000,229.0339000000,41.4157004861,1165.0000000000,2465.0000000000,459.6194077713,0.3581267218
400,1809.0000000000,41.9772793017,575.0000000000,6.8489431612,2,0.9998000000,461.1251671320,195.4475283114,229.0327000000,41.4160868771,1234.0000000000,2384.0000000000,406.5863991823,0.3178551686
401,1873.0000000000,42.7656305223,568.0000000000,6.6408467859,2,0.9998000000,463.1699896042,197.0118190144,229.0455000000,41.4164958416,1305.0000000000,2441.0000000000,401.6366517140,0.3032568073
402,1906.0000000000,43.1107702763,594.0000000000,6.8892297237,2,0.9998000000,465.2855383630,198.6381235030,229.0521000000,41.4169189513,1312.0000000000,2500.0000000000,420.0214280248,0.3116474292
403,1241.0000000000,35.2278299076,0.0000000000,0.0000000000,1,0.9999000000,267.0266027840,0.0000000000,229.0450000000,41.4169568701,1241.0000000000,1241.0000000000,0.0000000000,0.0000000000
404,1250.0000000000,35.3553390593,0.0000000000,0.0000000000,1,0.9999000000,267.4202956866,0.0000000000,229.0459000000,41.4169962394,1250.0000000000,1250.0000000000,0.0000000000,0.0000000000
405,1261.0000000000,35.5105618091,0.0000000000,0.0000000000,1,0.9999000000,267.8331735786,0.0000000000,229.0470000000,41.4170375272,1261.0000000000,1261.0000000000,0.0000000000,0.0000000000
406,1274.0000000000,35.6931365951,0.0000000000,0.0000000000,1,0.9999000000,268.2698356163,0.0000000000,229.0483000000,41.4170811934,1274.0000000000,1274.0000000000,0.0000000000,0.0000000000
407,1289.0000000000,35.9026461420,0.0000000000,0.0000000000,1,0.9999000000,268.7348015186,0.0000000000,229.0498000000,41.4171276900,1289.0000000000,1289.0000000000,0.0000000000,0.0000000000
408,1360.0000000000,36.8781778292,0.0000000000,0.0000000000,1,0.9999000000,269.2915274299,0.0000000000,229.0569000000,41.4171833626,1360.0000000000,1360.0000000000,0.0000000000,0.0000000000
409,1377.0000000000,37.1079506306,0.0000000000,0.0000000000,1,0.9999000000,269.8799345628,0.0000000000,229.0586000000,41.4172422033,1377.0000000000,1377.0000000000,0.0000000000,0.0000000000
410,1306.0000000000,36.1386219992,0.0000000000,0.0000000000,1,0.9999000000,270.3609024337,0.0000000000,229.0515000000,41.4172903001,1306.0000000000,1306.0000000000,0.0000000000,0.0000000000
411,1237.0000000000,35.1710107901,0.0000000000,0.0000000000,1,0.9999000000,270.7408096899,0.0000000000,229.0446000000,41.4173282908,1237.0000000000,1237.0000000000,0.0000000000,0.0000000000
412,1220.0000000000,34.9284983931,0.0000000000,0.0000000000,1,0.9999000000,271.0741693977,0.0000000000,229.0429000000,41.4173616268,1220.0000000000,1220.0000000000,0.0000000000,0.0000000000
413,1205.0000000000,34.7131099154,0.0000000000,0.0000000000,1,0.9999000000,271.3664554599,0.0000000000,229.0414000000,41.4173908554,1205.0000000000,1205.0000000000,0.0000000000,0.0000000000
414,1138.0000000000,33.7342555869,0.0000000000,0.0000000000,1,0.9999000000,271.5656960372,0.0000000000,229.0347000000,41.4174107794,1138.0000000000,1138.0000000000,0.0000000000,0.0000000000
415,0,0,0,0,0,1,0,0
416,0,0,0,0,0,1,0,0
417,0,0,0,0,0,1,0,0
418,0,0,0,0,0,1,0,0
419,0,0,0,0,0,1,0,0
420,0,0,0,0,0,1,0,0
421,0,0,0,0,0,1,0,0
422,0,0,0,0,0,1,0,0
423,0,0,0,0,0,1,0,0
424,0,0,0,0,0,1,0,0
425,0,0,0,0,0,1,0,0
426,0,0,0,0,0,1,0,0
427,0,0,0,0,0,1,0,0
428,0,0,0,0,0,1,0,0
429,0,0,0,0,0,1,0,0
430,0,0,0,0,0,1,0,0
431,0,0,0,0,0,1,0,0
432,0,0,0,0,0,1,0,0
433,0,0,0,0,0,1,0,0
434,0,0,0,0,0,1,0,0
435,0,0,0,0,0,1,0,0
436,0,0,0,0,0,1,0,0
437,0,0,0,0,0,1,0,0
438,0,0,0,0,0,1,0,0
439,0,0,0,0,0,1,0,0
440,0,0,0,0,0,1,0,0
441,0,0,0,0,0,1,0,0
442,0,0,0,0,0,1,0,0
443,0,0,0,0,0,1,0,0
444,0,0,0,0,0,1,0,0
445,0,0,0,0,0,1,0,0
446,0,0,0,0,0,1,0,0
447,0,0,0,0,0,1,0,0
448,0,0,0,0,0,1,0,0
449,0,0,0,0,0,1,0,0
450,0,0,0,0,0,1,0,0
451,0,0,0,0,0,1,0,0
452,0,0,0,0,0,1,0,0
453,0,0,0,0,0,1,0,0
454,0,0,0,0,0,1,0,0
455,0,0,0,0,0,1,0,0
456,0,0,0,0,0,1,0,0
457,0,0,0,0,0,1,0,0
458,0,0,0,0,0,1,0,0
459,0,0,0,0,0,1,0,0
460,0,0,0,0,0,1,0,0
461,0,0,0,0,0,1,0,0
462,0,0,0,0,0,1,0,0
463,0,0,0,0,0,1,0,0
464,0,0,0,0,0,1,0,0
465,0,0,0,0,0,1,0,0
466,0,0,0,0,0,1,0,0
467,0,0,0,0,0,1,0,0
468,0,0,0,0,0,1,0,0
469,0,0,0,0,0,1,0,0
470,0,0,0,0,0,1,0,0
471,0,0,0,0,0,1,0,0
472,0,0,0,0,0,1,0,0
473,0,0,0,0,0,1,0,0
474,0,0,0,0,0,1,0,0
475,0,0,0,0,0,1,0,0
476,0,0,0,0,0,1,0,0
477,0,0,0,0,0,1,0,0
478,0,0,0,0,0,1,0,0
479,0,0,0,0,0,1,0,0
480,0,0,0,0,0,1,0,0
481,0,0,0,0,0,1,0,0
482,0,0,0,0,0,1,0,0
483,0,0,0,0,0,1,0,0
484,0,0,0,0,0,1,0,0
485,0,0,0,0,0,1,0,0
486,0,0,0,0,0,1,0,0
487,0,0,0,0,0,1,0,0
488,0,0,0,0,0,1,0,0
489,0,0,0,0,0,1,0,0
490,0,0,0,0,0,1,0,0
491,0,0,0,0,0,1,0,0
492,0,0,0,0,0,1,0,0
493,0,0,0,0,0,1,0,0
494,0,0,0,0,0,1,0,0
495,0,0,0,0,0,1,0,0
496,0,0,0,0,0,1,0,0
497,0,0,0,0,0,1,0,0
498,0,0,0,0,0,1,0,0
499,0,0,0,0,0,1,0,0
500,0,0,0,0,0,1,0,0
501,0,0,0,0,0,1,0,0
502,0,0,0,0,0,1,0,0
503,0,0,0,0,0,1,0,0
504,0,0,0,0,0,1,0,0
505,0,0,0,0,0,1,0,0
506,0,0,0,0,0,1,0,0
507,0,0,0,0,0,1,0,0
508,0,0,0,0,0,1,0,0
509,0,0,0,0,0,1,0,0
510,0,0,0,0,0,1,0,0
511,0,0,0,0,0,1,0,0
512,0,0,0,0,0,1,0,0
513,0,0,0,0,0,1,0,0
514,0,0,0,0,0,1,0,0
515,0,0,0,0,0,1,0,0
516,0,0,0,0,0,1,0,0
517,0,0,0,0,0,1,0,0
518,0,0,0,0,0,1,0,0
519,0,0,0,0,0,1,0,0
520,0,0,0,0,0,1,0,0
521,0,0,0,0,0,1,0,0
522,0,0,0,0,0,1,0,0
523,0,0,0,0,0,1,0,0
524,0,0,0,0,0,1,0,0
525,0,0,0,0,0,1,0,0
526,0,0,0,0,0,1,0,0
527,0,0,0,0,0,1,0,0
528,0,0,0,0,0,1,0,0
529,0,0,0,0,0,1,0,0
530,0,0,0,0,0,1,0,0
531,0,0,0,0,0,1,0,0
532,0,0,0,0,0,1,0,0
533,0,0,0,0,0,1,0,0
534,0,0,0,0,0,1,0,0
535,0,0,0,0,0,1,0,0
536,0,0,0,0,0,1,0,0
537,0,0,0,0,0,1,0,0
538,0,0,0,0,0,1,0,0
539,0,0,0,0,0,1,0,0
540,0,0,0,0,0,1,0,0
541,0,0,0,0,0,1,0,0
542,0,0,0,0,0,1,0,0
543,0,0,0,0,0,1,0,0
544,0,0,0,0,0,1,0,0
545,0,0,0,0,0,1,0,0
546,0,0,0,0,0,1,0,0
547,0,0,0,0,0,1,0,0
548,0,0,0,0,0,1,0,0
549,0,0,0,0,0,1,0,0
550,0,0,0,0,0,1,0,0
551,0,0,0,0,0,1,0,0
552,0,0,0,0,0,1,0,0
553,0,0,0,0,0,1,0,0
554,0,0,0,0,0,1,0,0
555,0,0,0,0,0,1,0,0
556,0,0,0,0,0,1,0,0
557,0,0,0,0,0,1,0,0
558,0,0,0,0,0,1,0,0
559,0,0,0,0,0,1,0,0
560,0,0,0,0,0,1,0,0
561,0,0,0,0,0,1,0,0
562,0,0,0,0,0,1,0,0
563,0,0,0,0,0,1,0,0
564,0,0,0,0,0,1,0,0
565,0,0,0,0,0,1,0,0
566,0,0,0,0,0,1,0,0
567,0,0,0,0,0,1,0,0
568,0,0,0,0,0,1,0,0
569,0,0,0,0,0,1,0,0
570,0,0,0,0,0,1,0,0
571,0,0,0,0,0,1,0,0
572,0,0,0,0,0,1,0,0
573,0,0,0,0,0,1,0,0
574,0,0,0,0,0,1,0,0
575,0,0,0,0,0,1,0,0
576,0,0,0,0,0,1,0,0
577,0,0,0,0,0,1,0,0
578,0,0,0,0,0,1,0,0
579,0,0,0,0,0,1,0,0
580,0,0,0,0,0,1,0,0
581,0,0,0,0,0,1,0,0
582,0,0,0,0,0,1,0,0
583,0,0,0,0,0,1,0,0
584,0,0,0,0,0,1,0,0
585,0,0,0,0,0,1,0,0
586,0,0,0,0,0,1,0,0
587,0,0,0,0,0,1,0,0
588,0,0,0,0,0,1,0,0
589,0,0,0,0,0,1,0,0
590,0,0,0,0,0,1,0,0
591,0,0,0,0,0,1,0,0
592,0,0,0,0,0,1,0,0
593,0,0,0,0,0,1,0,0
594,0,0,0,0,0,1,0,0
595,0,0,0,0,0,1,0,0
596,0,0,0,0,0,1,0,0
597,0,0,0,0,0,1,0,0
598,0,0,0,0,0,1,0,0
599,0,0,0,0,0,1,0,0
600,0,0,0,0,0,1,0,0
601,0,0,0,0,0,1,0,0
602,0,0,0,0,0,1,0,0
603,0,0,0,0,0,1,0,0
604,0,0,0,0,0,1,0,0
605,0,0,0,0,0,1,0,0
606,0,0,0,0,0,1,0,0
607,0,0,0,0,0,1,0,0
608,0,0,0,0,0,1,0,0
609,0,0,0,0,0,1,0,0
610,0,0,0,0,0,1,0,0
611,0,0,0,0,0,1,0,0
612,0,0,0,0,0,1,0,0
613,0,0,0,0,0,1,0,0
614,0,0,0,0,0,1,0,0
615,0,0,0,0,0,1,0,0
616,0,0,0,0,0,1,0,0
617,0,0,0,0,0,1,0,0
618,0,0,0,0,0,1,0,0
619,0,0,0,0,0,1,0,0
620,0,0,0,0,0,1,0,0
621,0,0,0,0,0,1,0,0
622,0,0,0,0,0,1,0,0
623,0,0,0,0,0,1,0,0
624,0,0,0,0,0,1,0,0
625,0,0,0,0,0,1,0,0
626,0,0,0,0,0,1,0,0
627,0,0,0,0,0,1,0,0
628,0,0,0,0,0,1,0,0
629,0,0,0,0,0,1,0,0
630,0,0,0,0,0,1,0,0
631,0,0,0,0,0,1,0,0
632,0,0,0,0,0,1,0,0
633,0,0,0,0,0,1,0,0
634,0,0,0,0,0,1,0,0
635,0,0,0,0,0,1,0,0
636,0,0,0,0,0,1,0,0
637,0,0,0,0,0,1,0,0
638,0,0,0,0,0,1,0,0
639,0,0,0,0,0,1,0,0
640,0,0,0,0,0,1,0,0
641,0,0,0,0,0,1,0,0
642,0,0,0,0,0,1,0,0
643,0,0,0,0,0,1,0,0
644,0,0,0,0,0,1,0,0
645,0,0,0,0,0,1,0,0
646,0,0,0,0,0,1,0,0
647,0,0,0,0,0,1,0,0
648,0,0,0,0,0,1,0,0
649,0,0,0,0,0,1,0,0
650,0,0,0,0,0,1,0,0
651,0,0,0,0,0,1,0,0
652,0,0,0,0,0,1,0,0
653,0,0,0,0,0,1,0,0
654,0,0,0,0,0,1,0,0
655,0,0,0,0,0,1,0,0
656,0,0,0,0,0,1,0,0
657,0,0,0,0,0,1,0,0
658,0,0,0,0,0,1,0,0
659,0,0,0,0,0,1,0,0
660,0,0,0,0,0,1,0,0
661,0,0,0,0,0,1,0,0
662,0,0,0,0,0,1,0,0
663,0,0,0,0,0,1,0,0
664,0,0,0,0,0,1,0,0
665,0,0,0,0,0,1,0,0
666,0,0,0,0,0,1,0,0
667,0,0,0,0,0,1,0,0
668,0,0,0,0,0,1,0,0
669,0,0,0,0,0,1,0,0
670,0,0,0,0,0,1,0,0
671,0,0,0,0,0,1,0,0
672,0,0,0,0,0,1,0,0
673,0,0,0,0,0,1,0,0
674,0,0,0,0,0,1,0,0
675,0,0,0,0,0,1,0,0
676,0,0,0,0,0,1,0,0
677,0,0,0,0,0,1,0,0
678,0,0,0,0,0,1,0,0
679,0,0,0,0,0,1,0,0
680,0,0,0,0,0,1,0,0
681,0,0,0,0,0,1,0,0
682,0,0,0,0,0,1,0,0
683,0,0,0,0,0,1,0,0
684,0,0,0,0,0,1,0,0
685,0,0,0,0,0,1,0,0
686,0,0,0,0,0,1,0,0
687,0,0,0,0,0,1,0,0
688,0,0,0,0,0,1,0,0
689,0,0,0,0,0,1,0,0
690,0,0,0,0,0,1,0,0
691,0,0,0,0,0,1,0,0
692,0,0,0,0,0,1,0,0
693,0,0,0,0,0,1,0,0
694,0,0,0,0,0,1,0,0
695,0,0,0,0,0,1,0,0
696,0,0,0,0,0,1,0,0
697,0,0,0,0,0,1,0,0
698,0,0,0,0,0,1,0,0
699,0,0,0,0,0,1,0,0
700,0,0,0,0,0,1,0,0
701,0,0,0,0,0,1,0,0
702,0,0,0,0,0,1,0,0
703,0,0,0,0,0,1,0,0
704,0,0,0,0,0,1,0,0
705,0,0,0,0,0,1,0,0
706,0,0,0,0,0,1,0,0
707,0,0,0,0,0,1,0,0
708,0,0,0,0,0,1,0,0
709,0,0,0,0,0,1,0,0
710,0,0,0,0,0,1,0,0
711,0,0,0,0,0,1,0,0
712,0,0,0,0,0,1,0,0
713,0,0,0,0,0,1,0,0
714,0,0,0,0,0,1,0,0
715,0,0,0,0,0,1,0,0
716,0,0,0,0,0,1,0,0
717,0,0,0,0,0,1,0,0
718,0,0,0,0,0,1,0,0
719,0,0,0,0,0,1,0,0
720,0,0,0,0,0,1,0,0
721,0,0,0,0,0,1,0,0
722,0,0,0,0,0,1,0,0
723,0,0,0,0,0,1,0,0
724,0,0,0,0,0,1,0,0
725,0,0,0,0,0,1,0,0
726,0,0,0,0,0,1,0,0
727,0,0,0,0,0,1,0,0
728,0,0,0,0,0,1,0,0
729,0,0,0,0,0,1,0,0
730,0,0,0,0,0,1,0,0
731,0,0,0,0,0,1,0,0
732,0,0,0,0,0,1,0,0
733,0,0,0,0,0,1,0,0
734,0,0,0,0,0,1,0,0
735,0,0,0,0,0,1,0,0
736,0,0,0,0,0,1,0,0
737,0,0,0,0,0,1,0,0
738,0,0,0,0,0,1,0,0
739,0,0,0,0,0,1,0,0
740,0,0,0,0,0,1,0,0
741,0,0,0,0,0,1,0,0
742,0,0,0,0,0,1,0,0
743,0,0,0,0,0,1,0,0
744,0,0,0,0,0,1,0,0
745,0,0,0,0,0,1,0,0
746,0,0,0,0,0,1,0,0
747,0,0,0,0,0,1,0,0
748,0,0,0,0,0,1,0,0
749,0,0,0,0,0,1,0,0
750,0,0,0,0,0,1,0,0
751,0,0,0,0,0,1,0,0
752,0,0,0,0,0,1,0,0
753,0,0,0,0,0,1,0,0
754,0,0,0,0,0,1,0,0
755,0,0,0,0,0,1,0,0
756,0,0,0,0,0,1,0,0
757,0,0,0,0,0,1,0,0
758,0,0,0,0,0,1,0,0
759,0,0,0,0,0,1,0,0
760,0,0,0,0,0,1,0,0
761,0,0,0,0,0,1,0,0
762,0,0,0,0,0,1,0,0
763,0,0,0,0,0,1,0,0
764,0,0,0,0,0,1,0,0
765,0,0,0,0,0,1,0,0
766,0,0,0,0,0,1,0,0
767,0,0,0,0,0,1,0,0
768,0,0,0,0,0,1,0,0
769,0,0,0,0,0,1,0,0
770,0,0,0,0,0,1,0,0
771,0,0,0,0,0,1,0,0
772,0,0,0,0,0,1,0,0
773,0,0,0,0,0,1,0,0
774,0,0,0,0,0,1,0,0
775,0,0,0,0,0,1,0,0
776,0,0,0,0,0,1,0,0
777,0,0,0,0,0,1,0,0
778,0,0,0,0,0,1,0,0
779,0,0,0,0,0,1,0,0
780,0,0,0,0,0,1,0,0
781,0,0,0,0,0,1,0,0
782,0,0,0,0,0,1,0,0
783,0,0,0,0,0,1,0,0
784,0,0,0,0,0,1,0,0
785,0,0,0,0,0,1,0,0
786,0,0,0,0,0,1,0,0
787,0,0,0,0,0,1,0,0
788,0,0,0,0,0,1,0,0
789,0,0,0,0,0,1,0,0
790,0,0,0,0,0,1,0,0
791,0,0,0,0,0,1,0,0
792,0,0,0,0,0,1,0,0
793,0,0,0,0,0,1,0,0
794,0,0,0,0,0,1,0,0
795,0,0,0,0,0,1,0,0
796,0,0,0,0,0,1,0,0
797,0,0,0,0,0,1,0,0
798,0,0,0,0,0,1,0,0
799,0,0,0,0,0,1,0,0
800,0,0,0,0,0,1,0,0
801,0,0,0,0,0,1,0,0
802,0,0,0,0,0,1,0,0
803,0,0,0,0,0,1,0,0
804,0,0,0,0,0,1,0,0
805,0,0,0,0,0,1,0,0
806,0,0,0,0,0,1,0,0
807,0,0,0,0,0,1,0,0
808,0,0,0,0,0,1,0,0
809,0,0,0,0,0,1,0,0
810,0,0,0,0,0,1,0,0
811,0,0,0,0,0,1,0,0
812,0,0,0,0,0,1,0,0
813,0,0,0,0,0,1,0,0
814,0,0,0,0,0,1,0,0
815,0,0,0,0,0,1,0,0
816,0,0,0,0,0,1,0,0
817,0,0,0,0,0,1,0,0
818,0,0,0,0,0,1,0,0
819,0,0,0,0,0,1,0,0
820,0,0,0,0,0,1,0,0
821,0,0,0,0,0,1,0,0
822,0,0,0,0,0,1,0,0
823,0,0,0,0,0,1,0,0
824,0,0,0,0,0,1,0,0
825,0,0,0,0,0,1,0,0
826,0,0,0,0,0,1,0,0
827,0,0,0,0,0,1,0,0
828,0,0,0,0,0,1,0,0
829,0,0,0,0,0,1,0,0
830,0,0,0,0,0,1,0,0
831,0,0,0,0,0,1,0,0
832,0,0,0,0,0,1,0,0
833,0,0,0,0,0,1,0,0
834,0,0,0,0,0,1,0,0
835,0,0,0,0,0,1,0,0
836,0,0,0,0,0,1,0,0
837,0,0,0,0,0,1,0,0
838,0,0,0,0,0,1,0,0
839,0,0,0,0,0,1,0,0
840,0,0,0,0,0,1,0,0
841,0,0,0,0,0,1,0,0
842,0,0,0,0,0,1,0,0
843,0,0,0,0,0,1,0,0
844,0,0,0,0,0,1,0,0
845,0,0,0,0,0,1,0,0
846,0,0,0,0,0,1,0,0
847,0,0,0,0,0,1,0,0
848,0,0,0,0,0,1,0,0
849,0,0,0,0,0,1,0,0
850,0,0,0,0,0,1,0,0
851,0,0,0,0,0,1,0,0
852,0,0,0,0,0,1,0,0
853,0,0,0,0,0,1,0,0
854,0,0,0,0,0,1,0,0
855,0,0,0,0,0,1,0,0
856,0,0,0,0,0,1,0,0
857,0,0,0,0,0,1,0,0
858,0,0,0,0,0,1,0,0
859,0,0,0,0,0,1,0,0
860,0,0,0,0,0,1,0,0
861,0,0,0,0,0,1,0,0
862,0,0,0,0,0,1,0,0
863,0,0,0,0,0,1,0,0
864,0,0,0,0,0,1,0,0
865,0,0,0,0,0,1,0,0
866,0,0,0,0,0,1,0,0
867,0,0,0,0,0,1,0,0
868,0,0,0,0,0,1,0,0
869,0,0,0,0,0,1,0,0
870,0,0,0,0,0,1,0,0
871,0,0,0,0,0,1,0,0
872,0,0,0,0,0,1,0,0
873,0,0,0,0,0,1,0,0
874,0,0,0,0,0,1,0,0
875,0,0,0,0,0,1,0,0
876,0,0,0,0,0,1,0,0
877,0,0,0,0,0,1,0,0
878,0,0,0,0,0,1,0,0
879,0,0,0,0,0,1,0,0
880,0,0,0,0,0,1,0,0
881,0,0,0,0,0,1,0,0
882,0,0,0,0,0,1,0,0
883,0,0,0,0,0,1,0,0
884,0,0,0,0,0,1,0,0
885,0,0,0,0,0,1,0,0
886,0,0,0,0,0,1,0,0
887,0,0,0,0,0,1,0,0
888,0,0,0,0,0,1,0,0
889,0,0,0,0,0,1,0,0
890,0,0,0,0,0,1,0,0
891,0,0,0,0,0,1,0,0
892,0,0,0,0,0,1,0,0
893,0,0,0,0,0,1,0,0
894,0,0,0,0,0,1,0,0
895,0,0,0,0,0,1,0,0
896,0,0,0,0,0,1,0,0
897,0,0,0,0,0,1,0,0
898,0,0,0,0,0,1,0,0
899,0,0,0,0,0,1,0,0
900,0,0,0,0,0,1,0,0
901,0,0,0,0,0,1,0,0
902,0,0,0,0,0,1,0,0
903,0,0,0,0,0,1,0,0
904,0,0,0,0,0,1,0,0
905,0,0,0,0,0,1,0,0
906,0,0,0,0,0,1,0,0
907,0,0,0,0,0,1,0,0
908,0,0,0,0,0,1,0,0
909,0,0,0,0,0,1,0,0
910,0,0,0,0,0,1,0,0
911,0,0,0,0,0,1,0,0
912,0,0,0,0,0,1,0,0
913,0,0,0,0,0,1,0,0
914,0,0,0,0,0,1,0,0
915,0,0,0,0,0,1,0,0
916,0,0,0,0,0,1,0,0
917,0,0,0,0,0,1,0,0
918,0,0,0,0,0,1,0,0
919,0,0,0,0,0,1,0,0
920,0,0,0,0,0,1,0,0
921,0,0,0,0,0,1,0,0
922,0,0,0,0,0,1,0,0
923,0,0,0,0,0,1,0,0
924,0,0,0,0,0,1,0,0
925,0,0,0,0,0,1,0,0
926,0,0,0,0,0,1,0,0
927,0,0,0,0,0,1,0,0
928,0,0,0,0,0,1,0,0
929,0,0,0,0,0,1,0,0
930,0,0,0,0,0,1,0,0
931,0,0,0,0,0,1,0,0
932,0,0,0,0,0,1,0,0
933,0,0,0,0,0,1,0,0
934,0,0,0,0,0,1,0,0
935,0,0,0,0,0,1,0,0
936,0,0,0,0,0,1,0,0
937,0,0,0,0,0,1,0,0
938,0,0,0,0,0,1,0,0
939,0,0,0,0,0,1,0,0
940,0,0,0,0,0,1,0,0
941,0,0,0,0,0,1,0,0
942,0,0,0,0,0,1,0,0
943,0,0,0,0,0,1,0,0
944,0,0,0,0,0,1,0,0
945,0,0,0,0,0,1,0,0
946,0,0,0,0,0,1,0,0
947,0,0,0,0,0,1,0,0
948,0,0,0,0,0,1,0,0
949,0,0,0,0,0,1,0,0
950,0,0,0,0,0,1,0,0
951,0,0,0,0,0,1,0,0
952,0,0,0,0,0,1,0,0
953,0,0,0,0,0,1,0,0
954,0,0,0,0,0,1,0,0
955,0,0,0,0,0,1,0,0
956,0,0,0,0,0,1,0,0
957,0,0,0,0,0,1,0,0
958,0,0,0,0,0,1,0,0
959,0,0,0,0,0,1,0,0
960,0,0,0,0,0,1,0,0
961,0,0,0,0,0,1,0,0
962,0,0,0,0,0,1,0,0
963,0,0,0,0,0,1,0,0
964,0,0,0,0,0,1,0,0
965,0,0,0,0,0,1,0,0
966,0,0,0,0,0,1,0,0
967,0,0,0,0,0,1,0,0
968,0,0,0,0,0,1,0,0
969,0,0,0,0,0,1,0,0
970,0,0,0,0,0,1,0,0
971,0,0,0,0,0,1,0,0
972,0,0,0,0,0,1,0,0
973,0,0,0,0,0,1,0,0
974,0,0,0,0,0,1,0,0
975,0,0,0,0,0,1,0,0
976,0,0,0,0,0,1,0,0
977,0,0,0,0,0,1,0,0
978,0,0,0,0,0,1,0,0
979,0,0,0,0,0,1,0,0
980,0,0,0,0,0,1,0,0
981,0,0,0,0,0,1,0,0
982,0,0,0,0,0,1,0,0
983,0,0,0,0,0,1,0,0
984,0,0,0,0,0,1,0,0
985,0,0,0,0,0,1,0,0
986,0,0,0,0,0,1,0,0
987,0,0,0,0,0,1,0,0
988,0,0,0,0,0,1,0,0
989,0,0,0,0,0,1,0,0
990,0,0,0,0,0,1,0,0
991,0,0,0,0,0,1,0,0
992,0,0,0,0,0,1,0,0
993,0,0,0,0,0,1,0,0
994,0,0,0,0,0,1,0,0
995,0,0,0,0,0,1,0,0
996,0,0,0,0,0,1,0,0
997,0,0,0,0,0,1,0,0
998,0,0,0,0,0,1,0,0
999,0,0,0,0,0,1,0,0
1000,0,0,0,0,0,1,0,0
