step,survival_probability,expected_alive_1e3,expected_alive_1e4,expected_alive_1e5,expected_alive_1e6,expected_alive_1e7
0,1.0,1000.0,10000.0,100000.0,1000000.0,10000000.0
1,1.0,1000.0,10000.0,100000.0,1000000.0,10000000.0
2,1.0,1000.0,10000.0,100000.0,1000000.0,10000000.0
3,1.0,1000.0,10000.0,100000.0,1000000.0,10000000.0
4,1.0,1000.0,10000.0,100000.0,1000000.0,10000000.0
5,1.0,1000.0,10000.0,100000.0,1000000.0,10000000.0
6,1.0,1000.0,10000.0,100000.0,1000000.0,10000000.0
7,1.0,1000.0,10000.0,100000.0,1000000.0,10000000.0
8,0.9976,997.6,9976.0,99760.0,997600.0,9976000.0
9,0.9944,994.4,9944.0,99440.0,994400.0,9944000.0
10,0.9897,989.7,9897.0,98970.0,989700.0,9897000.0
11,0.9851,985.1,9851.0,98510.0,985100.0,9851000.0
12,0.9794,979.4000000000001,9794.0,97940.0,979400.0,9794000.0
13,0.974,974.0,9740.0,97400.0,974000.0,9740000.0
14,0.966,966.0,9660.0,96600.0,966000.0,9660000.0
15,0.9581,958.0999999999999,9581.0,95810.0,958100.0,9581000.0
16,0.9497,949.7,9497.0,94970.0,949700.0,9497000.0
17,0.9416,941.6,9416.0,94160.0,941600.0,9416000.0
18,0.9318,931.8,9318.0,93180.0,931800.0,9318000.0
19,0.9229,922.9000000000001,9229.0,92290.0,922900.0,9229000.0
20,0.9127,912.6999999999999,9127.0,91270.0,912700.0,9127000.0
21,0.9038,903.8000000000001,9038.0,90380.0,903800.0,9038000.0
22,0.8925,892.5,8925.0,89250.0,892500.0,8925000.0
23,0.882,882.0,8820.0,88200.0,882000.0,8820000.0
24,0.8707,870.7,8707.0,87070.0,870700.0,8707000.0
25,0.8611,861.1,8611.0,86110.0,861100.0,8611000.0
26,0.8487,848.7,8487.0,84870.0,848700.0,8487000.0
27,0.8373,837.3000000000001,8373.0,83730.0,837300.0,8373000.0
28,0.8266,826.6,8266.0,82660.0,826600.0,8266000.0
29,0.8143,814.3000000000001,8143.0,81430.0,814300.0,8143000.0
30,0.8034,803.4,8034.0,80340.0,803400.0,8034000.0
31,0.7933,793.3,7933.0,79330.0,793300.0,7933000.0
32,0.7803,780.3,7803.0,78030.0,780300.0,7803000.0
33,0.7704,770.4,7704.0,77040.0,770400.0,7704000.0
34,0.7567,756.7,7567.0,75670.0,756700.0,7567000.0
35,0.7452,745.1999999999999,7452.0,74520.0,745200.0,7452000.0
36,0.7354,735.4000000000001,7354.000000000001,73540.0,735400.0,7354000.000000001
37,0.7227,722.7,7227.0,72270.0,722700.0,7227000.0
38,0.711,711.0,7110.0,71100.0,711000.0,7110000.0
39,0.6991,699.1,6991.000000000001,69910.0,699100.0,6991000.000000001
40,0.6892,689.2,6892.0,68920.0,689200.0,6892000.0
41,0.6775,677.5,6775.0,67750.0,677500.0,6775000.0
42,0.6674,667.4,6674.0,66740.0,667400.0,6674000.0
43,0.6563,656.3,6563.0,65630.0,656300.0,6563000.0
44,0.646,646.0,6460.0,64600.0,646000.0,6460000.0
45,0.6357,635.7,6357.0,63570.00000000001,635700.0,6357000.0
46,0.6237,623.7,6237.0,62370.0,623700.0,6237000.0
47,0.6146,614.6,6146.0,61460.0,614600.0,6146000.0
48,0.6042,604.1999999999999,6042.0,60419.99999999999,604200.0,6042000.0
49,0.5934,593.4000000000001,5934.0,59340.00000000001,593400.0,5934000.0
50,0.5833,583.3000000000001,5833.0,58330.00000000001,583300.0,5833000.0
51,0.5738,573.8,5738.0,57380.0,573800.0,5738000.0
52,0.5641,564.1,5641.000000000001,56410.00000000001,564100.0,5641000.0
53,0.5561,556.1,5561.0,55610.00000000001,556100.0,5561000.0
54,0.5455,545.5,5455.0,54550.0,545500.0,5455000.0
55,0.5341,534.1,5341.0,53410.0,534100.0,5341000.0
56,0.5243,524.3,5243.0,52430.0,524300.0,5243000.0
57,0.5158,515.8000000000001,5158.0,51580.0,515800.00000000006,5158000.0
58,0.5062,506.2,5062.0,50620.0,506200.0,5062000.0
59,0.4978,497.8,4978.0,49780.0,497800.0,4978000.0
60,0.489,489.0,4890.0,48900.0,489000.0,4890000.0
61,0.4807,480.7,4807.0,48070.0,480700.0,4807000.0
62,0.4695,469.5,4695.0,46950.0,469500.0,4695000.0
63,0.46,460.0,4600.0,46000.0,460000.0,4600000.0
64,0.4516,451.6,4516.0,45160.0,451600.0,4516000.0
65,0.4432,443.2,4432.0,44320.0,443200.0,4432000.0
66,0.4345,434.5,4345.0,43450.0,434500.0,4345000.0
67,0.4261,426.09999999999997,4261.0,42610.0,426100.0,4261000.0
68,0.4179,417.9,4179.0,41790.0,417900.0,4179000.0
69,0.4097,409.7,4097.0,40970.0,409700.0,4097000.0
70,0.4032,403.2,4032.0,40320.0,403200.0,4032000.0
71,0.396,396.0,3960.0,39600.0,396000.0,3960000.0
72,0.3882,388.2,3882.0,38820.0,388200.0,3882000.0
73,0.38,380.0,3800.0,38000.0,380000.0,3800000.0
74,0.3737,373.7,3736.9999999999995,37370.0,373700.0,3736999.9999999995
75,0.3657,365.70000000000005,3657.0000000000005,36570.0,365700.0,3657000.0000000005
76,0.3589,358.9,3589.0,35890.0,358900.0,3589000.0
77,0.3519,351.9,3519.0,35190.0,351900.0,3519000.0
78,0.3453,345.3,3453.0,34530.0,345300.0,3453000.0
79,0.3381,338.1,3381.0,33810.0,338100.0,3381000.0
80,0.332,332.0,3320.0,33200.0,332000.0,3320000.0
81,0.3252,325.2,3252.0,32520.0,325200.0,3252000.0
82,0.3186,318.6,3186.0,31860.0,318600.0,3186000.0
83,0.3121,312.09999999999997,3121.0,31210.0,312100.0,3121000.0
84,0.3067,306.7,3066.9999999999995,30669.999999999996,306700.0,3066999.9999999995
85,0.3006,300.59999999999997,3006.0,30059.999999999996,300600.0,3006000.0
86,0.2944,294.4,2944.0,29440.0,294400.0,2944000.0
87,0.2887,288.7,2887.0,28870.0,288700.0,2887000.0
88,0.2817,281.7,2817.0,28170.0,281700.0,2817000.0
89,0.2768,276.8,2768.0,27680.0,276800.0,2768000.0
90,0.2711,271.1,2711.0,27110.0,271100.0,2711000.0
91,0.2657,265.7,2657.0,26570.0,265700.0,2657000.0
92,0.2587,258.7,2587.0,25870.0,258700.0,2587000.0
93,0.2541,254.1,2541.0,25410.0,254100.0,2541000.0
94,0.2495,249.5,2495.0,24950.0,249500.0,2495000.0
95,0.2441,244.10000000000002,2441.0,24410.0,244100.0,2441000.0
96,0.2386,238.6,2386.0,23860.0,238600.0,2386000.0
97,0.2339,233.9,2339.0,23390.0,233900.0,2339000.0
98,0.2288,228.8,2288.0,22880.0,228800.0,2288000.0
99,0.2236,223.6,2236.0,22360.0,223600.0,2236000.0
100,0.2184,218.4,2184.0,21840.0,218400.0,2184000.0
101,0.214,214.0,2140.0,21400.0,214000.0,2140000.0
102,0.2108,210.79999999999998,2108.0,21080.0,210800.0,2108000.0
103,0.2055,205.5,2055.0,20550.0,205500.0,2054999.9999999998
104,0.2012,201.2,2012.0,20120.0,201200.0,2012000.0
105,0.1978,197.8,1978.0,19780.0,197800.0,1978000.0
106,0.1939,193.89999999999998,1939.0,19390.0,193900.0,1939000.0
107,0.1894,189.4,1894.0000000000002,18940.0,189400.0,1894000.0000000002
108,0.1852,185.20000000000002,1852.0,18520.0,185200.0,1852000.0
109,0.1803,180.29999999999998,1802.9999999999998,18030.0,180300.0,1802999.9999999998
110,0.1767,176.7,1767.0,17670.0,176700.0,1767000.0
111,0.1735,173.5,1734.9999999999998,17350.0,173500.0,1734999.9999999998
112,0.1698,169.8,1698.0,16980.0,169800.0,1698000.0
113,0.1664,166.4,1664.0,16640.0,166400.0,1664000.0
114,0.1616,161.6,1616.0,16160.0,161600.0,1616000.0
115,0.1571,157.1,1571.0,15709.999999999998,157100.0,1571000.0
116,0.154,154.0,1540.0,15400.0,154000.0,1540000.0
117,0.1506,150.60000000000002,1506.0000000000002,15060.000000000002,150600.0,1506000.0
118,0.1464,146.4,1464.0,14640.0,146400.0,1464000.0
119,0.1431,143.1,1431.0,14310.0,143100.0,1431000.0
120,0.1401,140.1,1401.0,14010.0,140100.0,1401000.0
121,0.1372,137.2,1372.0,13719.999999999998,137200.0,1372000.0
122,0.1345,134.5,1345.0,13450.0,134500.0,1345000.0
123,0.1321,132.1,1321.0,13210.0,132100.0,1321000.0
124,0.129,129.0,1290.0,12900.0,129000.0,1290000.0
125,0.1269,126.9,1269.0000000000002,12690.000000000002,126900.00000000001,1269000.0000000002
126,0.1248,124.8,1248.0,12480.0,124800.0,1248000.0
127,0.1223,122.30000000000001,1223.0,12230.0,122300.0,1223000.0
128,0.1201,120.1,1201.0,12010.0,120100.0,1201000.0
129,0.1168,116.8,1168.0,11680.0,116800.0,1168000.0
130,0.114,114.0,1140.0,11400.0,114000.0,1140000.0
131,0.1122,112.19999999999999,1122.0,11220.0,112200.0,1122000.0
132,0.1096,109.60000000000001,1096.0,10960.0,109600.0,1096000.0
133,0.1078,107.80000000000001,1078.0,10780.0,107800.0,1078000.0
134,0.1055,105.5,1055.0,10550.0,105500.0,1055000.0
135,0.1039,103.9,1039.0,10390.0,103900.0,1039000.0000000001
136,0.1006,100.6,1006.0,10060.0,100600.0,1006000.0
137,0.0974,97.4,974.0,9740.0,97400.0,974000.0
138,0.0944,94.39999999999999,944.0,9440.0,94400.0,944000.0
139,0.0928,92.8,927.9999999999999,9280.0,92800.0,927999.9999999999
140,0.0905,90.5,905.0,9050.0,90500.0,905000.0
141,0.0885,88.5,885.0,8850.0,88500.0,885000.0
142,0.0873,87.3,873.0,8730.0,87300.0,873000.0
143,0.0859,85.9,859.0,8590.0,85900.0,859000.0
144,0.084,84.0,840.0,8400.0,84000.0,840000.0
145,0.0825,82.5,825.0,8250.0,82500.0,825000.0
146,0.0805,80.5,805.0,8050.0,80500.0,805000.0
147,0.0787,78.7,787.0000000000001,7870.000000000001,78700.0,787000.0000000001
148,0.0774,77.39999999999999,774.0,7740.0,77400.0,774000.0
149,0.0762,76.2,762.0,7620.0,76200.0,762000.0
150,0.0756,75.6,756.0,7560.0,75600.0,756000.0
151,0.0744,74.39999999999999,743.9999999999999,7439.999999999999,74400.0,743999.9999999999
152,0.0727,72.7,727.0,7270.0,72700.0,727000.0
153,0.0706,70.6,706.0,7060.0,70600.0,706000.0
154,0.0689,68.9,689.0,6890.0,68900.0,689000.0
155,0.0672,67.2,672.0,6720.0,67200.0,672000.0
156,0.0658,65.8,658.0,6580.0,65800.0,658000.0
157,0.0633,63.3,633.0,6329.999999999999,63299.99999999999,633000.0
158,0.0616,61.6,616.0,6160.0,61600.0,616000.0
159,0.0606,60.6,606.0,6060.0,60600.0,606000.0
160,0.0593,59.3,593.0,5930.0,59300.0,593000.0
161,0.0585,58.5,585.0,5850.0,58500.0,585000.0
162,0.0572,57.2,572.0,5720.0,57200.0,572000.0
163,0.0562,56.2,562.0,5620.0,56200.0,562000.0
164,0.0553,55.300000000000004,553.0,5530.0,55300.0,553000.0
165,0.0541,54.1,541.0,5410.0,54100.0,541000.0
166,0.053,53.0,530.0,5300.0,53000.0,530000.0
167,0.0519,51.9,519.0,5190.0,51900.0,519000.0
168,0.0512,51.2,512.0,5120.0,51200.0,512000.0
169,0.0506,50.6,506.0,5060.0,50600.0,506000.0
170,0.0496,49.6,496.0,4960.0,49600.0,496000.0
171,0.049,49.0,490.0,4900.0,49000.0,490000.0
172,0.0475,47.5,475.0,4750.0,47500.0,475000.0
173,0.0468,46.800000000000004,468.0,4680.0,46800.0,468000.0
174,0.0456,45.6,456.0,4560.0,45600.0,456000.0
175,0.044,44.0,440.0,4400.0,44000.0,440000.0
176,0.043,43.0,429.99999999999994,4300.0,43000.0,429999.99999999994
177,0.0416,41.6,416.0,4160.0,41600.0,416000.0
178,0.0407,40.7,407.0,4070.0,40700.0,407000.0
179,0.0398,39.800000000000004,398.0,3980.0,39800.0,398000.0
180,0.0393,39.300000000000004,393.0,3930.0,39300.0,393000.0
181,0.0389,38.9,388.99999999999994,3889.9999999999995,38900.0,388999.99999999994
182,0.0379,37.900000000000006,379.00000000000006,3790.0000000000005,37900.0,379000.00000000006
183,0.0372,37.199999999999996,371.99999999999994,3719.9999999999995,37200.0,371999.99999999994
184,0.0369,36.900000000000006,369.0,3690.0,36900.0,369000.0
185,0.0362,36.2,362.00000000000006,3620.0000000000005,36200.0,362000.00000000006
186,0.0354,35.4,354.0,3540.0,35400.0,354000.0
187,0.0348,34.8,348.0,3479.9999999999995,34800.0,348000.0
188,0.0337,33.7,337.0,3370.0,33700.0,337000.0
189,0.0329,32.9,329.0,3290.0,32900.0,329000.0
190,0.0322,32.2,322.0,3220.0,32200.0,322000.0
191,0.0315,31.5,315.0,3150.0,31500.0,315000.0
192,0.0307,30.700000000000003,307.0,3070.0,30700.0,307000.0
193,0.0303,30.3,303.0,3030.0,30300.0,303000.0
194,0.0296,29.6,296.0,2960.0,29600.0,296000.0
195,0.0286,28.6,286.0,2860.0,28600.0,286000.0
196,0.0283,28.299999999999997,283.0,2830.0,28300.0,283000.0
197,0.0275,27.5,275.0,2750.0,27500.0,275000.0
198,0.0267,26.700000000000003,267.0,2670.0,26700.0,267000.0
199,0.0261,26.1,261.0,2610.0,26100.0,261000.00000000003
200,0.0256,25.6,256.0,2560.0,25600.0,256000.0
201,0.025,25.0,250.0,2500.0,25000.0,250000.0
202,0.0246,24.6,246.0,2460.0,24600.0,246000.0
203,0.0239,23.900000000000002,239.0,2390.0,23900.0,239000.0
204,0.0236,23.599999999999998,236.0,2360.0,23600.0,236000.0
205,0.0234,23.400000000000002,234.0,2340.0,23400.0,234000.0
206,0.0226,22.599999999999998,225.99999999999997,2260.0,22600.0,226000.0
207,0.0223,22.3,223.0,2230.0,22300.0,223000.0
208,0.0217,21.7,217.0,2170.0,21700.0,217000.0
209,0.0214,21.4,214.0,2140.0,21400.0,214000.0
210,0.0208,20.8,208.0,2080.0,20800.0,208000.0
211,0.0201,20.1,201.0,2010.0,20100.0,201000.0
212,0.0195,19.5,195.0,1950.0,19500.0,195000.0
213,0.0189,18.9,189.0,1890.0,18900.0,189000.0
214,0.0182,18.2,182.0,1820.0,18200.0,182000.0
215,0.0179,17.9,179.0,1790.0,17900.0,179000.0
216,0.0171,17.1,171.0,1710.0,17100.0,171000.0
217,0.0168,16.8,168.0,1680.0,16800.0,168000.0
218,0.0162,16.2,162.0,1620.0,16200.0,162000.0
219,0.0158,15.8,158.00000000000003,1580.0000000000002,15800.000000000002,158000.00000000003
220,0.0157,15.7,157.0,1569.9999999999998,15699.999999999998,157000.0
221,0.0153,15.299999999999999,153.0,1530.0,15300.0,153000.0
222,0.0152,15.2,152.0,1520.0,15200.0,152000.0
223,0.0146,14.6,146.0,1460.0,14600.0,146000.0
224,0.0144,14.4,144.0,1440.0,14400.0,144000.0
225,0.0142,14.200000000000001,142.0,1420.0,14200.0,142000.0
226,0.0138,13.799999999999999,138.0,1380.0,13800.0,138000.0
227,0.0136,13.6,136.0,1360.0,13600.0,136000.0
228,0.0134,13.4,134.0,1340.0,13400.0,134000.0
229,0.0132,13.2,132.0,1320.0,13200.0,132000.0
230,0.013,13.0,130.0,1300.0,13000.0,130000.0
231,0.0128,12.8,128.0,1280.0,12800.0,128000.0
232,0.0127,12.7,127.0,1270.0,12700.0,127000.0
233,0.0123,12.3,123.0,1230.0,12300.0,123000.0
234,0.0121,12.1,121.0,1210.0,12100.0,121000.0
235,0.0119,11.9,119.00000000000001,1190.0,11900.0,119000.00000000001
236,0.0116,11.6,115.99999999999999,1160.0,11600.0,115999.99999999999
237,0.0115,11.5,115.0,1150.0,11500.0,115000.0
238,0.0112,11.2,112.0,1120.0,11200.0,112000.0
239,0.011,11.0,110.0,1100.0,11000.0,110000.0
240,0.0108,10.8,108.0,1080.0,10800.0,108000.0
241,0.0104,10.4,104.0,1040.0,10400.0,104000.0
242,0.0103,10.3,103.0,1030.0,10300.0,103000.0
243,0.0101,10.1,101.0,1010.0,10100.0,101000.0
244,0.0097,9.700000000000001,97.0,970.0,9700.0,97000.0
245,0.0095,9.5,95.0,950.0,9500.0,95000.0
246,0.0093,9.299999999999999,92.99999999999999,929.9999999999999,9300.0,92999.99999999999
247,0.0093,9.299999999999999,92.99999999999999,929.9999999999999,9300.0,92999.99999999999
248,0.0093,9.299999999999999,92.99999999999999,929.9999999999999,9300.0,92999.99999999999
249,0.0091,9.1,91.0,910.0,9100.0,91000.0
250,0.0089,8.9,89.0,890.0,8900.0,89000.0
251,0.0089,8.9,89.0,890.0,8900.0,89000.0
252,0.0086,8.6,86.0,860.0,8600.0,86000.0
253,0.0086,8.6,86.0,860.0,8600.0,86000.0
254,0.0084,8.4,84.0,840.0,8400.0,84000.0
255,0.008,8.0,80.0,800.0,8000.0,80000.0
256,0.0077,7.7,77.0,770.0,7700.0,77000.0
257,0.0075,7.5,75.0,750.0,7500.0,75000.0
258,0.0074,7.4,74.0,740.0,7400.0,74000.0
259,0.0072,7.2,72.0,720.0,7200.0,72000.0
260,0.0071,7.1000000000000005,71.0,710.0,7100.0,71000.0
261,0.0069,6.8999999999999995,69.0,690.0,6900.0,69000.0
262,0.0068,6.8,68.0,680.0,6800.0,68000.0
263,0.0067,6.7,67.0,670.0,6700.0,67000.0
264,0.0066,6.6,66.0,660.0,6600.0,66000.0
265,0.0064,6.4,64.0,640.0,6400.0,64000.0
266,0.0063,6.3,63.0,630.0,6300.0,63000.0
267,0.0062,6.2,62.0,620.0,6200.0,62000.0
268,0.0057,5.7,57.0,570.0,5700.0,57000.0
269,0.0057,5.7,57.0,570.0,5700.0,57000.0
270,0.0054,5.4,54.0,540.0,5400.0,54000.0
271,0.0054,5.4,54.0,540.0,5400.0,54000.0
272,0.0052,5.2,52.0,520.0,5200.0,52000.0
273,0.0049,4.8999999999999995,49.0,490.0,4900.0,49000.0
274,0.0048,4.8,47.99999999999999,479.99999999999994,4800.0,47999.99999999999
275,0.0047,4.7,47.0,470.0,4700.0,47000.0
276,0.0044,4.4,44.0,440.0,4400.0,44000.0
277,0.0044,4.4,44.0,440.0,4400.0,44000.0
278,0.0043,4.3,43.0,430.0,4300.0,43000.0
279,0.0042,4.2,42.0,420.0,4200.0,42000.0
280,0.0041,4.1000000000000005,41.0,410.00000000000006,4100.0,41000.0
281,0.004,4.0,40.0,400.0,4000.0,40000.0
282,0.0039,3.9,39.0,390.0,3900.0,39000.0
283,0.0038,3.8,38.0,380.0,3800.0,38000.0
284,0.0036,3.6,36.0,360.0,3600.0,36000.0
285,0.0035,3.5,35.0,350.0,3500.0,35000.0
286,0.0035,3.5,35.0,350.0,3500.0,35000.0
287,0.0034,3.4,34.0,340.0,3400.0,34000.0
288,0.0034,3.4,34.0,340.0,3400.0,34000.0
289,0.0032,3.2,32.0,320.0,3200.0,32000.0
290,0.0032,3.2,32.0,320.0,3200.0,32000.0
291,0.0031,3.1,31.0,310.0,3100.0,31000.0
292,0.0031,3.1,31.0,310.0,3100.0,31000.0
293,0.003,3.0,30.0,300.0,3000.0,30000.0
294,0.003,3.0,30.0,300.0,3000.0,30000.0
295,0.0029,2.9,28.999999999999996,290.0,2900.0,28999.999999999996
296,0.0029,2.9,28.999999999999996,290.0,2900.0,28999.999999999996
297,0.0028,2.8,28.0,280.0,2800.0,28000.0
298,0.0027,2.7,27.0,270.0,2700.0,27000.0
299,0.0026,2.6,26.0,260.0,2600.0,26000.0
300,0.0025,2.5,25.0,250.0,2500.0,25000.0
301,0.0025,2.5,25.0,250.0,2500.0,25000.0
302,0.0025,2.5,25.0,250.0,2500.0,25000.0
303,0.0023,2.3,23.0,230.0,2300.0,23000.0
304,0.0023,2.3,23.0,230.0,2300.0,23000.0
305,0.0023,2.3,23.0,230.0,2300.0,23000.0
306,0.0022,2.2,22.0,220.0,2200.0,22000.0
307,0.0022,2.2,22.0,220.0,2200.0,22000.0
308,0.0022,2.2,22.0,220.0,2200.0,22000.0
309,0.0022,2.2,22.0,220.0,2200.0,22000.0
310,0.0022,2.2,22.0,220.0,2200.0,22000.0
311,0.002,2.0,20.0,200.0,2000.0,20000.0
312,0.002,2.0,20.0,200.0,2000.0,20000.0
313,0.0018,1.8,18.0,180.0,1800.0,18000.0
314,0.0018,1.8,18.0,180.0,1800.0,18000.0
315,0.0017,1.7,17.0,170.0,1700.0,17000.0
316,0.0017,1.7,17.0,170.0,1700.0,17000.0
317,0.0017,1.7,17.0,170.0,1700.0,17000.0
318,0.0016,1.6,16.0,160.0,1600.0,16000.0
319,0.0016,1.6,16.0,160.0,1600.0,16000.0
320,0.0015,1.5,15.0,150.0,1500.0,15000.0
321,0.0015,1.5,15.0,150.0,1500.0,15000.0
322,0.0015,1.5,15.0,150.0,1500.0,15000.0
323,0.0015,1.5,15.0,150.0,1500.0,15000.0
324,0.0015,1.5,15.0,150.0,1500.0,15000.0
325,0.0015,1.5,15.0,150.0,1500.0,15000.0
326,0.0015,1.5,15.0,150.0,1500.0,15000.0
327,0.0015,1.5,15.0,150.0,1500.0,15000.0
328,0.0014,1.4,14.0,140.0,1400.0,14000.0
329,0.0014,1.4,14.0,140.0,1400.0,14000.0
330,0.0014,1.4,14.0,140.0,1400.0,14000.0
331,0.0013,1.3,13.0,130.0,1300.0,13000.0
332,0.0013,1.3,13.0,130.0,1300.0,13000.0
333,0.0013,1.3,13.0,130.0,1300.0,13000.0
334,0.0013,1.3,13.0,130.0,1300.0,13000.0
335,0.0013,1.3,13.0,130.0,1300.0,13000.0
336,0.0013,1.3,13.0,130.0,1300.0,13000.0
337,0.0012,1.2,11.999999999999998,119.99999999999999,1200.0,11999.999999999998
338,0.0011,1.1,11.0,110.0,1100.0,11000.0
339,0.0011,1.1,11.0,110.0,1100.0,11000.0
340,0.001,1.0,10.0,100.0,1000.0,10000.0
341,0.001,1.0,10.0,100.0,1000.0,10000.0
342,0.001,1.0,10.0,100.0,1000.0,10000.0
343,0.0008,0.8,8.0,80.0,800.0,8000.0
344,0.0008,0.8,8.0,80.0,800.0,8000.0
345,0.0008,0.8,8.0,80.0,800.0,8000.0
346,0.0008,0.8,8.0,80.0,800.0,8000.0
347,0.0008,0.8,8.0,80.0,800.0,8000.0
348,0.0008,0.8,8.0,80.0,800.0,8000.0
349,0.0008,0.8,8.0,80.0,800.0,8000.0
350,0.0008,0.8,8.0,80.0,800.0,8000.0
351,0.0008,0.8,8.0,80.0,800.0,8000.0
352,0.0008,0.8,8.0,80.0,800.0,8000.0
353,0.0008,0.8,8.0,80.0,800.0,8000.0
354,0.0008,0.8,8.0,80.0,800.0,8000.0
355,0.0008,0.8,8.0,80.0,800.0,8000.0
356,0.0008,0.8,8.0,80.0,800.0,8000.0
357,0.0008,0.8,8.0,80.0,800.0,8000.0
358,0.0008,0.8,8.0,80.0,800.0,8000.0
359,0.0008,0.8,8.0,80.0,800.0,8000.0
360,0.0008,0.8,8.0,80.0,800.0,8000.0
361,0.0008,0.8,8.0,80.0,800.0,8000.0
362,0.0007,0.7,7.0,70.0,700.0,7000.0
363,0.0007,0.7,7.0,70.0,700.0,7000.0
364,0.0007,0.7,7.0,70.0,700.0,7000.0
365,0.0007,0.7,7.0,70.0,700.0,7000.0
366,0.0007,0.7,7.0,70.0,700.0,7000.0
367,0.0007,0.7,7.0,70.0,700.0,7000.0
368,0.0007,0.7,7.0,70.0,700.0,7000.0
369,0.0006,0.6,5.999999999999999,59.99999999999999,600.0,5999.999999999999
370,0.0006,0.6,5.999999999999999,59.99999999999999,600.0,5999.999999999999
371,0.0006,0.6,5.999999999999999,59.99999999999999,600.0,5999.999999999999
372,0.0006,0.6,5.999999999999999,59.99999999999999,600.0,5999.999999999999
373,0.0006,0.6,5.999999999999999,59.99999999999999,600.0,5999.999999999999
374,0.0006,0.6,5.999999999999999,59.99999999999999,600.0,5999.999999999999
375,0.0006,0.6,5.999999999999999,59.99999999999999,600.0,5999.999999999999
376,0.0006,0.6,5.999999999999999,59.99999999999999,600.0,5999.999999999999
377,0.0006,0.6,5.999999999999999,59.99999999999999,600.0,5999.999999999999
378,0.0006,0.6,5.999999999999999,59.99999999999999,600.0,5999.999999999999
379,0.0006,0.6,5.999999999999999,59.99999999999999,600.0,5999.999999999999
380,0.0006,0.6,5.999999999999999,59.99999999999999,600.0,5999.999999999999
381,0.0006,0.6,5.999999999999999,59.99999999999999,600.0,5999.999999999999
382,0.0006,0.6,5.999999999999999,59.99999999999999,600.0,5999.999999999999
383,0.0006,0.6,5.999999999999999,59.99999999999999,600.0,5999.999999999999
384,0.0005,0.5,5.0,50.0,500.0,5000.0
385,0.0005,0.5,5.0,50.0,500.0,5000.0
386,0.0005,0.5,5.0,50.0,500.0,5000.0
387,0.0005,0.5,5.0,50.0,500.0,5000.0
388,0.0004,0.4,4.0,40.0,400.0,4000.0
389,0.0003,0.3,2.9999999999999996,29.999999999999996,300.0,2999.9999999999995
390,0.0003,0.3,2.9999999999999996,29.999999999999996,300.0,2999.9999999999995
391,0.0003,0.3,2.9999999999999996,29.999999999999996,300.0,2999.9999999999995
392,0.0003,0.3,2.9999999999999996,29.999999999999996,300.0,2999.9999999999995
393,0.0003,0.3,2.9999999999999996,29.999999999999996,300.0,2999.9999999999995
394,0.0003,0.3,2.9999999999999996,29.999999999999996,300.0,2999.9999999999995
395,0.0003,0.3,2.9999999999999996,29.999999999999996,300.0,2999.9999999999995
396,0.0003,0.3,2.9999999999999996,29.999999999999996,300.0,2999.9999999999995
397,0.0003,0.3,2.9999999999999996,29.999999999999996,300.0,2999.9999999999995
398,0.0003,0.3,2.9999999999999996,29.999999999999996,300.0,2999.9999999999995
399,0.0003,0.3,2.9999999999999996,29.999999999999996,300.0,2999.9999999999995
400,0.0003,0.3,2.9999999999999996,29.999999999999996,300.0,2999.9999999999995
401,0.0003,0.3,2.9999999999999996,29.999999999999996,300.0,2999.9999999999995
402,0.0003,0.3,2.9999999999999996,29.999999999999996,300.0,2999.9999999999995
403,0.0003,0.3,2.9999999999999996,29.999999999999996,300.0,2999.9999999999995
404,0.0003,0.3,2.9999999999999996,29.999999999999996,300.0,2999.9999999999995
405,0.0003,0.3,2.9999999999999996,29.999999999999996,300.0,2999.9999999999995
406,0.0003,0.3,2.9999999999999996,29.999999999999996,300.0,2999.9999999999995
407,0.0003,0.3,2.9999999999999996,29.999999999999996,300.0,2999.9999999999995
408,0.0002,0.2,2.0,20.0,200.0,2000.0
409,0.0002,0.2,2.0,20.0,200.0,2000.0
410,0.0002,0.2,2.0,20.0,200.0,2000.0
411,0.0002,0.2,2.0,20.0,200.0,2000.0
412,0.0002,0.2,2.0,20.0,200.0,2000.0
413,0.0002,0.2,2.0,20.0,200.0,2000.0
414,0.0002,0.2,2.0,20.0,200.0,2000.0
415,0.0002,0.2,2.0,20.0,200.0,2000.0
416,0.0002,0.2,2.0,20.0,200.0,2000.0
417,0.0002,0.2,2.0,20.0,200.0,2000.0
418,0.0002,0.2,2.0,20.0,200.0,2000.0
419,0.0002,0.2,2.0,20.0,200.0,2000.0
420,0.0002,0.2,2.0,20.0,200.0,2000.0
