walk_type,dimension,L,n_trials,fit_start,fit_end,alpha,intercept,r2_score,n_points,n_alive_min,mean_r2_start,mean_r2_end,fit_n_alive_min,fit_n_alive_median,fit_max_relative_standard_error,fit_all_points_eligible,fit_reliability_point_count,fit_reliability_complete
saw,2d,-1,1000000000,1,100,1.3009048106736927,0.06813362671832146,0.9998409295105444,100,222686137.0,1.0,436.391086698,222686137.0,746632066.5,5.09934e-05,0,4,0
saw,2d,-1,1000000000,1,150,1.3119132732567704,0.03561215380838019,0.9997673110944497,150,78009650.0,1.0,763.04833984,78009650.0,581408996.0,8.54075e-05,0,5,0
saw,2d,-1,1000000000,1,200,1.3217121793821567,0.0036151464570220696,0.9996776504974367,200,26268259.0,1.0,1141.31705531,26268259.0,402047566.5,0.0001459274,0,6,0
saw,2d,-1,1000000000,1,250,1.3302658098472677,-0.02633558791098367,0.999593516865557,250,8645890.0,1.0,1565.1214854688,8645890.0,222686137.0,0.0002524104,0,7,0
saw,2d,-1,1000000000,1,300,1.3377915826820186,-0.05411846083008901,0.9995187009132481,300,2801460.0,1.0,2031.4625266825,2801460.0,150347893.5,0.0004403536,0,8,0
saw,2d,-1,1000000000,1,400,1.3503920867124526,-0.10344653579678917,0.9994007748197219,400,286576.0,1.0,3072.6425381051,286576.0,52138954.5,0.0013621565,0,10,0
saw,2d,-1,1000000000,1,500,1.3605119955298661,-0.14553044870348608,0.9993191135087608,500,28644.0,1.0,4246.959642508,28644.0,26268259.0,0.0042617071,0,11,0
saw,2d,-1,1000000000,1,600,1.3685543103928555,-0.18054149899690156,0.9992754366380008,600,2771.0,1.0,5493.6672681342,2771.0,17457074.5,0.013220421,0,12,0
saw,2d,-1,1000000000,1,800,1.3792722632654133,-0.22926413433318657,0.9991336924218668,800,28.0,1.0,7738.2857142857,28.0,5723675.0,0.13938061,0,14,0
saw,2d,-1,1000000000,10,100,1.3075685486571973,0.040756947671385754,0.9998225148157822,91,222686137.0,21.845519383,436.391086698,222686137.0,746632066.5,5.09934e-05,0,4,0
saw,2d,-1,1000000000,10,150,1.3235013842192833,-0.01521889488292981,0.9997494675659909,141,78009650.0,21.845519383,763.04833984,78009650.0,581408996.0,8.54075e-05,0,5,0
saw,2d,-1,1000000000,10,200,1.3354211096327733,-0.05986916581874562,0.9996909905660977,191,26268259.0,21.845519383,1141.31705531,26268259.0,402047566.5,0.0001459274,0,6,0
saw,2d,-1,1000000000,10,250,1.3449978004986773,-0.09747757031838875,0.9996424934188303,241,8645890.0,21.845519383,1565.1214854688,8645890.0,222686137.0,0.0002524104,0,7,0
saw,2d,-1,1000000000,10,300,1.3530250364244147,-0.13019976457221952,0.9996012384178096,291,2801460.0,21.845519383,2031.4625266825,2801460.0,150347893.5,0.0004403536,0,8,0
saw,2d,-1,1000000000,10,400,1.3658722880198804,-0.18486186692361492,0.9995398461051289,391,286576.0,21.845519383,3072.6425381051,286576.0,52138954.5,0.0013621565,0,10,0
saw,2d,-1,1000000000,10,500,1.3757781621271183,-0.22899722812159123,0.9995005146976713,491,28644.0,21.845519383,4246.959642508,28644.0,26268259.0,0.0042617071,0,11,0
saw,2d,-1,1000000000,10,600,1.3833506744272968,-0.26397504636357844,0.9994870819327774,591,2771.0,21.845519383,5493.6672681342,2771.0,17457074.5,0.013220421,0,12,0
saw,2d,-1,1000000000,10,800,1.3926474121149734,-0.30832588831107677,0.9993316489225117,791,28.0,21.845519383,7738.2857142857,28.0,5723675.0,0.13938061,0,14,0
saw,2d,-1,1000000000,30,100,1.3329795722929971,-0.06546165126778497,0.9999560281659297,71,222686137.0,88.0109934623,436.391086698,222686137.0,402047566.5,5.09934e-05,0,2,0
saw,2d,-1,1000000000,30,150,1.3470016595852838,-0.12134272618234561,0.9999166074528292,121,78009650.0,88.0109934623,763.04833984,78009650.0,222686137.0,8.54075e-05,0,3,0
saw,2d,-1,1000000000,30,200,1.3576753336322689,-0.16582488385319055,0.9998808043786749,171,26268259.0,88.0109934623,1141.31705531,26268259.0,150347893.5,0.0001459274,0,4,0
saw,2d,-1,1000000000,30,250,1.3662925261297572,-0.20298790269082492,0.9998493145796983,221,8645890.0,88.0109934623,1565.1214854688,8645890.0,78009650.0,0.0002524104,0,5,0
saw,2d,-1,1000000000,30,300,1.373530709797722,-0.23508402376743823,0.999821394745024,271,2801460.0,88.0109934623,2031.4625266825,2801460.0,52138954.5,0.0004403536,0,6,0
saw,2d,-1,1000000000,30,400,1.385046570181037,-0.2878411825816757,0.999779545178483,371,286576.0,88.0109934623,3072.6425381051,286576.0,17457074.5,0.0013621565,0,8,0
saw,2d,-1,1000000000,30,500,1.3938158646456849,-0.3294944888598794,0.999752352975834,471,28644.0,88.0109934623,4246.959642508,28644.0,8645890.0,0.0042617071,0,9,0
saw,2d,-1,1000000000,30,600,1.4002812337734114,-0.3611048854239393,0.999744515552102,571,2771.0,88.0109934623,5493.6672681342,2771.0,5723675.0,0.013220421,0,10,0
saw,2d,-1,1000000000,30,800,1.4072073215787495,-0.3956878769054225,0.9995071452346708,771,28.0,88.0109934623,7738.2857142857,28.0,1850961.0,0.13938061,0,12,0
saw,2d,-1,1000000000,50,100,1.3453137294882196,-0.11896329167268674,0.999983882402049,51,222686137.0,171.8375888185,436.391086698,222686137.0,402047566.5,5.09934e-05,0,2,0
saw,2d,-1,1000000000,50,150,1.3591052476647374,-0.17766046874655178,0.9999581104211474,101,78009650.0,171.8375888185,763.04833984,78009650.0,222686137.0,8.54075e-05,0,3,0
saw,2d,-1,1000000000,50,200,1.3694453409561655,-0.2233137510798743,0.9999334102145235,151,26268259.0,171.8375888185,1141.31705531,26268259.0,150347893.5,0.0001459274,0,4,0
saw,2d,-1,1000000000,50,250,1.3777310599511041,-0.2609573143636061,0.9999106984518048,201,8645890.0,171.8375888185,1565.1214854688,8645890.0,78009650.0,0.0002524104,0,5,0
saw,2d,-1,1000000000,50,300,1.384664336897665,-0.2932053414555453,0.9998898717567133,251,2801460.0,171.8375888185,2031.4625266825,2801460.0,52138954.5,0.0004403536,0,6,0
saw,2d,-1,1000000000,50,400,1.3955785891553036,-0.3453985336506467,0.999859067096708,351,286576.0,171.8375888185,3072.6425381051,286576.0,17457074.5,0.0013621565,0,8,0
saw,2d,-1,1000000000,50,500,1.4037736030448071,-0.385834813246532,0.9998391156259605,451,28644.0,171.8375888185,4246.959642508,28644.0,8645890.0,0.0042617071,0,9,0
saw,2d,-1,1000000000,50,600,1.4096048993980654,-0.4153450616583964,0.9998350027449129,551,2771.0,171.8375888185,5493.6672681342,2771.0,5723675.0,0.013220421,0,10,0
saw,2d,-1,1000000000,50,800,1.4149798500508697,-0.4428846429128132,0.999519049296391,751,28.0,171.8375888185,7738.2857142857,28.0,1850961.0,0.13938061,0,12,0
saw,2d,-1,1000000000,75,100,1.3567145195995387,-0.16978541032979644,0.9999967809706007,26,222686137.0,295.3586366128,436.391086698,222686137.0,222686137.0,5.09934e-05,0,1,0
saw,2d,-1,1000000000,75,150,1.370081243981853,-0.22985953279487478,0.9999827436581891,76,78009650.0,295.3586366128,763.04833984,78009650.0,150347893.5,8.54075e-05,0,2,0
saw,2d,-1,1000000000,75,200,1.3799998587542448,-0.27583758251849433,0.9999666958432104,126,26268259.0,295.3586366128,1141.31705531,26268259.0,78009650.0,0.0001459274,0,3,0
saw,2d,-1,1000000000,75,250,1.3879309758950809,-0.3135116431115605,0.9999504957147131,176,8645890.0,295.3586366128,1565.1214854688,8645890.0,52138954.5,0.0002524104,0,4,0
saw,2d,-1,1000000000,75,300,1.3945640147721496,-0.3456649087512922,0.9999348573997896,226,2801460.0,295.3586366128,2031.4625266825,2801460.0,26268259.0,0.0004403536,0,5,0
saw,2d,-1,1000000000,75,400,1.4048815289391758,-0.3968942617369978,0.9999123190093149,326,286576.0,295.3586366128,3072.6425381051,286576.0,8645890.0,0.0013621565,0,7,0
saw,2d,-1,1000000000,75,500,1.4125136779103447,-0.4358498494876013,0.9998975413392748,426,28644.0,295.3586366128,4246.959642508,28644.0,5723675.0,0.0042617071,0,8,0
saw,2d,-1,1000000000,75,600,1.4176969447649024,-0.46290655645843337,0.9998955387804289,526,2771.0,295.3586366128,5493.6672681342,2771.0,2801460.0,0.013220421,0,9,0
saw,2d,-1,1000000000,75,800,1.4214059196102133,-0.48224985055154096,0.9994697017514923,726,28.0,295.3586366128,7738.2857142857,28.0,900462.0,0.13938061,0,11,0
saw,2d,-1,1000000000,100,150,1.3784639371317073,-0.27047535828762764,0.9999938049097564,51,78009650.0,436.391086698,763.04833984,78009650.0,150347893.5,8.54075e-05,0,2,0
saw,2d,-1,1000000000,100,200,1.3879831843280948,-0.31620902342264,0.9999837493903998,101,26268259.0,436.391086698,1141.31705531,26268259.0,78009650.0,0.0001459274,0,3,0
saw,2d,-1,1000000000,100,250,1.3956351960830744,-0.3537783307736704,0.9999718569395489,151,8645890.0,436.391086698,1565.1214854688,8645890.0,52138954.5,0.0002524104,0,4,0
saw,2d,-1,1000000000,100,300,1.402043348474223,-0.38581662201046885,0.9999596578531145,201,2801460.0,436.391086698,2031.4625266825,2801460.0,26268259.0,0.0004403536,0,5,0
saw,2d,-1,1000000000,100,400,1.4118686401322698,-0.4360043439166577,0.9999428322750166,301,286576.0,436.391086698,3072.6425381051,286576.0,8645890.0,0.0013621565,0,7,0
saw,2d,-1,1000000000,100,500,1.4190349821204766,-0.4735391730542854,0.9999313633415949,401,28644.0,436.391086698,4246.959642508,28644.0,5723675.0,0.0042617071,0,8,0
saw,2d,-1,1000000000,100,600,1.4236494605121703,-0.4982084936876913,0.9999301541931286,501,2771.0,436.391086698,5493.6672681342,2771.0,2801460.0,0.013220421,0,9,0
saw,2d,-1,1000000000,100,800,1.425819153413953,-0.5094938042257425,0.9993768972681948,701,28.0,436.391086698,7738.2857142857,28.0,900462.0,0.13938061,0,11,0
saw,2d,-1,1000000000,150,200,1.3996188504455733,-0.3761244095920926,0.9999971370630776,51,26268259.0,763.04833984,1141.31705531,26268259.0,52138954.5,0.0001459274,0,2,0
saw,2d,-1,1000000000,150,250,1.407010210900402,-0.4142027375098546,0.999991190472425,101,8645890.0,763.04833984,1565.1214854688,8645890.0,26268259.0,0.0002524104,0,3,0
saw,2d,-1,1000000000,150,300,1.4131399679672794,-0.44627453318228955,0.9999836262750103,151,2801460.0,763.04833984,2031.4625266825,2801460.0,17457074.5,0.0004403536,0,4,0
saw,2d,-1,1000000000,150,400,1.4220829962858064,-0.49391024864610017,0.9999749348477989,251,286576.0,763.04833984,3072.6425381051,286576.0,5723675.0,0.0013621565,0,6,0
saw,2d,-1,1000000000,150,500,1.428456997918835,-0.5286118538346511,0.9999672555887654,351,28644.0,763.04833984,4246.959642508,28644.0,2801460.0,0.0042617071,0,7,0
saw,2d,-1,1000000000,150,600,1.4320180141360943,-0.5483497547389511,0.9999651818436389,451,2771.0,763.04833984,5493.6672681342,2771.0,1850961.0,0.013220421,0,8,0
saw,2d,-1,1000000000,150,800,1.431166839738327,-0.5427920339662807,0.9990835938764228,651,28.0,763.04833984,7738.2857142857,28.0,593519.0,0.13938061,0,10,0
saw,2d,-1,1000000000,200,250,1.4154993884230895,-0.4601052473277036,0.9999981656421815,51,8645890.0,1141.31705531,1565.1214854688,8645890.0,17457074.5,0.0002524104,0,2,0
saw,2d,-1,1000000000,200,300,1.4215125849278787,-0.4926404713743295,0.999993140599249,101,2801460.0,1141.31705531,2031.4625266825,2801460.0,8645890.0,0.0004403536,0,3,0
saw,2d,-1,1000000000,200,400,1.4293465337955638,-0.5356708748006375,0.9999901891536706,201,286576.0,1141.31705531,3072.6425381051,286576.0,2801460.0,0.0013621565,0,5,0
saw,2d,-1,1000000000,200,500,1.4350387184805797,-0.5675694820052752,0.9999838563160611,301,28644.0,1141.31705531,4246.959642508,28644.0,1850961.0,0.0042617071,0,6,0
saw,2d,-1,1000000000,200,600,1.4375509793678614,-0.5818828737106589,0.9999781057257281,401,2771.0,1141.31705531,5493.6672681342,2771.0,900462.0,0.013220421,0,7,0
saw,2d,-1,1000000000,200,800,1.4334906793156905,-0.5574014460350889,0.9986252029099844,601,28.0,1141.31705531,7738.2857142857,28.0,286576.0,0.13938061,0,9,0
